Accuracy,Class,True Positive,False Positive,False Negative,True Negative,Precision,Recall,Specificity,F Measure
0.9934147634636753,Null Class,0,0,6126,999153,,0.0,1.0,
,16 Handles,1000,0,0,1004279,1.0,1.0,1.0,1.0
,24 Hour Fitness,1298,4,2,1003975,0.9969278033794163,0.9984615384615385,0.9999960158529212,0.9976940814757878
,7-Eleven,1267,2,0,1004010,0.9984239558707644,1.0,0.9999980079919364,0.999211356466877
,85C Bakery Cafe,991,0,0,1004288,1.0,1.0,1.0,1.0
,99 Cents Only Stores,1026,9,0,1004244,0.991304347826087,1.0,0.9999910381148973,0.9956331877729258
,99 Ranch Market,1026,2,0,1004251,0.9980544747081712,1.0,0.9999980084699772,0.9990262901655307
,A&P,1099,4,0,1004176,0.9963735267452403,1.0,0.9999960166504013,0.9981834695731153
,A.C. Moore,972,1,0,1004306,0.998972250770812,1.0,0.9999990042885293,0.9994858611825194
,AAA,1921,71,1,1003286,0.9643574297188755,0.9994797086368367,0.9999292375495462,0.9816044966785897
,Aaron Brothers,997,0,0,1004282,1.0,1.0,1.0,1.0
,ABC Stores,888,2,0,1004389,0.9977528089887641,1.0,0.9999980087436068,0.998875140607424
,ABCmouse.com,998,0,4,1004277,1.0,0.9960079840319361,1.0,0.9980000000000001
,AbeBooks,1019,0,0,1004260,1.0,1.0,1.0,1.0
,Abercrombie & Fitch,874,10,0,1004395,0.9886877828054299,1.0,0.9999900438568108,0.994311717861206
,Academy Sports,1003,0,0,1004276,1.0,1.0,1.0,1.0
,Ace Hardware,1140,49,1,1004089,0.95878889823381,0.9991235758106923,0.9999512019264284,0.9785407725321889
,Acme Markets,968,17,0,1004294,0.9827411167512691,1.0,0.999983072972416,0.9912954429083463
,ActBlue,1009,0,0,1004270,1.0,1.0,1.0,1.0
,Adidas,1021,11,1,1004246,0.9893410852713178,0.9990215264187867,0.9999890466285025,0.9941577409931841
,Adobe Systems,1029,0,0,1004250,1.0,1.0,1.0,1.0
,ADT Security,1023,0,0,1004256,1.0,1.0,1.0,1.0
,Advance Auto Parts,1037,17,1,1004224,0.9838709677419355,0.9990366088631984,0.9999830717925279,0.991395793499044
,Aeropostale,1015,1,0,1004263,0.9990157480314961,1.0,0.9999990042458955,0.999507631708518
,Aerosoles,953,0,0,1004326,1.0,1.0,1.0,1.0
,Aetna,793,31,0,1004455,0.962378640776699,1.0,0.9999691384449361,0.9808286951144094
,Air Canada,1012,1,1,1004265,0.9990128331688055,0.9990128331688055,0.9999990042478786,0.9990128331688055
,Airbnb,1017,0,0,1004262,1.0,1.0,1.0,1.0
,AirTran Airways,988,0,0,1004291,1.0,1.0,1.0,1.0
,Alamo Rent a Car,1022,1,1,1004255,0.9990224828934506,0.9990224828934506,0.9999990042379632,0.9990224828934506
,Alaska Airlines,911,2,0,1004366,0.9978094194961665,1.0,0.9999980086980071,0.9989035087719299
,Albertsons,1046,3,0,1004230,0.9971401334604385,1.0,0.9999970126454717,0.9985680190930787
,Aldo,984,18,2,1004275,0.9820359281437125,0.9979716024340771,0.9999820769436808,0.9899396378269618
,AliExpress.com,998,0,0,1004281,1.0,1.0,1.0,1.0
,Allstate,1018,17,0,1004244,0.9835748792270531,1.0,0.9999830721296555,0.9917194349732099
,Allsup's,1096,1,0,1004182,0.9990884229717412,1.0,0.9999990041655754,0.9995440036479708
,Amazing Savings,967,0,0,1004312,1.0,1.0,1.0,1.0
,Amazon Digital Services,1133,16,0,1004130,0.9860748476936466,1.0,0.9999840660621065,0.9929886064855389
,Amazon Kindle,1364,0,0,1003915,1.0,1.0,1.0,1.0
,Amazon Local,1011,0,0,1004268,1.0,1.0,1.0,1.0
,Amazon.com,3753,12,15,1001499,0.9968127490039841,0.9960191082802548,0.9999880181046439,0.996415770609319
,American Airlines,1026,5,2,1004246,0.9951503394762367,0.9980544747081712,0.9999950211650275,0.996600291403594
,American Apparel,960,2,0,1004317,0.997920997920998,1.0,0.9999980086008529,0.9989594172736733
,American Cancer Society,986,0,0,1004293,1.0,1.0,1.0,1.0
,American Eagle Outfitters,1032,0,0,1004247,1.0,1.0,1.0,1.0
,American Express,869,19,0,1004391,0.9786036036036037,1.0,0.9999810834221085,0.9891861126920888
,American Greetings,997,0,0,1004282,1.0,1.0,1.0,1.0
,American Home Shield,1017,0,0,1004262,1.0,1.0,1.0,1.0
,Amish Market,995,1,0,1004283,0.998995983935743,1.0,0.9999990042657256,0.9994977398292315
,Amoco Corporation,947,29,0,1004303,0.9702868852459017,1.0,0.9999711250861268,0.984919396775871
,Ampco System Parking,1087,4,0,1004188,0.9963336388634281,1.0,0.999996016698002,0.9981634527089073
,Amtrak,1023,1,0,1004255,0.9990234375,1.0,0.9999990042379632,0.9995114802149487
,Ancestry.com,1030,0,0,1004249,1.0,1.0,1.0,1.0
,Angie's List,969,1,0,1004309,0.9989690721649485,1.0,0.9999990042915036,0.999484270242393
,Ann Taylor,990,1,0,1004288,0.9989909182643795,1.0,0.999999004270683,0.999495204442201
,Anthropologie,976,0,0,1004303,1.0,1.0,1.0,1.0
,Anytime Fitness,1035,7,0,1004237,0.9932821497120922,1.0,0.9999930295824521,0.9966297544535387
,AOL,1009,5,0,1004265,0.995069033530572,1.0,0.9999950212592231,0.9975284231339594
,Apna Bazaar,302,11,0,1004966,0.9648562300319489,1.0,0.9999890544758736,0.9821138211382114
,Apple Inc.,1355,3,0,1003921,0.9977908689248896,1.0,0.9999970117259872,0.9988942130482861
,Applebee's,1014,1,0,1004264,0.9990147783251232,1.0,0.999999004246887,0.9995071463775258
,Aramark,2577,251,5,1002446,0.9112446958981613,0.9980635166537568,0.9997496751261847,0.9526802218114603
,Arby's,1000,7,0,1004272,0.9930486593843099,1.0,0.9999930298253772,0.9965122072745392
,ARCO,891,42,2,1004344,0.954983922829582,0.9977603583426652,0.9999581834075744,0.9759036144578312
,Arlington Meter Parking,1011,0,0,1004268,1.0,1.0,1.0,1.0
,Armani Exchange,1079,1,0,1004199,0.9990740740740741,1.0,0.9999990041824338,0.999536822603057
,Army and Air Force Exchange Service,3044,141,21,1002073,0.9557299843014129,0.9931484502446982,0.9998593114843736,0.97408
,ASOS,1019,0,0,1004260,1.0,1.0,1.0,1.0
,Associated Supermarkets,1019,11,0,1004249,0.9893203883495145,1.0,0.9999890466612232,0.9946315275744265
,AT&T,1310,18,1,1003950,0.9864457831325302,0.9992372234935164,0.9999820711417097,0.9928003031451307
,Athleta,1034,0,0,1004245,1.0,1.0,1.0,1.0
,Atlanta International Airport,1018,0,0,1004261,1.0,1.0,1.0,1.0
,Atmos Energy,1031,0,0,1004248,1.0,1.0,1.0,1.0
,Au Bon Pain,1150,3,0,1004126,0.997398091934085,1.0,0.9999970123360644,0.998697351280938
,Audible Inc.,1016,0,0,1004263,1.0,1.0,1.0,1.0
,Auntie Anne's,1058,3,0,1004218,0.9971724787935909,1.0,0.9999970126097741,0.9985842378480415
,AutoZone,989,1,0,1004289,0.998989898989899,1.0,0.9999990042716745,0.9994946942900456
,Avangate,358,25,0,1004896,0.9347258485639687,1.0,0.9999751224225586,0.9662618083670715
,Avanti Markets,992,0,0,1004287,1.0,1.0,1.0,1.0
,Aveda,969,8,0,1004302,0.9918116683725691,1.0,0.999992034332029,0.9958890030832477
,Avis Rent a Car System,1005,2,0,1004272,0.9980139026812314,1.0,0.9999980085116214,0.9990059642147118
,Bahama Breeze,991,2,0,1004286,0.9979859013091642,1.0,0.9999980085393831,0.998991935483871
,Baja Fresh,1006,2,0,1004271,0.998015873015873,1.0,0.9999980085096383,0.9990069513406157
,Bakers,675,121,0,1004483,0.8479899497487438,1.0,0.9998795545309396,0.9177430319510538
,Balducci's,987,1,0,1004291,0.9989878542510121,1.0,0.9999990042736575,0.9994936708860759
,Bally Total Fitness,925,0,2,1004352,1.0,0.9978425026968716,1.0,0.9989200863930885
,Banana Republic,996,2,2,1004279,0.9979959919839679,0.9979959919839679,0.9999980085255024,0.9979959919839679
,Banfield,1063,2,0,1004214,0.9981220657276996,1.0,0.9999980083965999,0.9990601503759398
,Bank of America,1992,4,0,1003283,0.9979959919839679,1.0,0.9999960131049241,0.9989969909729188
,Bar Louie,995,2,0,1004282,0.9979939819458375,1.0,0.9999980085314513,0.998995983935743
,Bare Escentuals,1007,0,0,1004272,1.0,1.0,1.0,1.0
,Barnes & Noble,1234,4,1,1004040,0.9967689822294022,0.9991902834008097,0.9999960161108478,0.9979781641730691
,BART,986,62,0,1004231,0.9408396946564885,1.0,0.9999382650282338,0.9695181907571288
,Bartell Drugs,995,0,0,1004284,1.0,1.0,1.0,1.0
,Bashas' Supermarkets,1027,1,0,1004251,0.9990272373540856,1.0,0.999999004233997,0.9995133819951338
,Baskin-Robbins,964,5,3,1004307,0.9948400412796697,0.9968976215098242,0.9999950214674325,0.9958677685950413
,Bass Pro Shops,1048,0,0,1004231,1.0,1.0,1.0,1.0
,Bath & Body Works,1173,3,2,1004101,0.9974489795918368,0.9982978723404256,0.999997012261678,0.9978732454274777
,Batteries Plus,1058,0,0,1004221,1.0,1.0,1.0,1.0
,Beachbody,933,4,0,1004342,0.9957310565635006,1.0,0.9999960173087761,0.9978609625668449
,Bealls,981,1,0,1004297,0.9989816700610998,1.0,0.9999990042796063,0.999490575649516
,Bed Bath & Beyond,1046,0,2,1004231,1.0,0.9980916030534351,1.0,0.9990448901623686
,Belk,1044,2,0,1004233,0.9980879541108987,1.0,0.9999980084342808,0.999043062200957
,Bellagio,414,29,0,1004836,0.9345372460496614,1.0,0.9999711404019446,0.9661610268378064
,Benihana,1028,0,0,1004251,1.0,1.0,1.0,1.0
,Berkeley Bowl,1018,0,0,1004261,1.0,1.0,1.0,1.0
,Bertucci's,1015,1,0,1004263,0.9990157480314961,1.0,0.9999990042458955,0.999507631708518
,Best Buy,1154,15,1,1004109,0.9871685201026519,0.9991341991341991,0.9999850616059371,0.9931153184165232
,Best Western,1012,8,0,1004259,0.9921568627450981,1.0,0.9999920339909606,0.9960629921259843
,Best Yet Market,961,1,0,1004317,0.998960498960499,1.0,0.999999004299435,0.999479979199168
,BevMo!,983,1,0,1004295,0.9989837398373984,1.0,0.9999990042776233,0.9994916115912558
,Big 5 Sporting Goods,1002,0,0,1004277,1.0,1.0,1.0,1.0
,Big Fish Games,1051,0,0,1004228,1.0,1.0,1.0,1.0
,Big Lots,1021,0,0,1004258,1.0,1.0,1.0,1.0
,Big Y,1037,9,0,1004233,0.9913957934990439,1.0,0.9999910380167331,0.9956793086893903
,Bill Miller Bar-B-Q,1006,2,0,1004271,0.998015873015873,1.0,0.9999980085096383,0.9990069513406157
,BI-LO,1085,2,0,1004192,0.9981600735970562,1.0,0.9999980083529677,0.9990791896869246
,Binny's,1018,0,0,1004261,1.0,1.0,1.0,1.0
,Birchbox,1052,1,0,1004226,0.9990503323836657,1.0,0.9999990042092077,0.9995249406175772
,BJ's Restaurant & Brewery,994,2,0,1004283,0.9979919678714859,1.0,0.9999980085334342,0.9989949748743718
,BJ's Wholesale Club,1141,3,1,1004134,0.9973776223776224,0.999124343257443,0.9999970123598673,0.9982502187226596
,BJ's Wholesale Club Fuel,1005,1,1,1004272,0.9990059642147118,0.9990059642147118,0.9999990042548191,0.9990059642147118
,Blimpie,1001,1,0,1004277,0.999001996007984,1.0,0.9999990042597767,0.999500748876685
,Blizzard Entertainment,1065,2,1,1004211,0.9981255857544518,0.99906191369606,0.9999980083906502,0.9985935302390998
,Blockbuster,976,0,0,1004303,1.0,1.0,1.0,1.0
,Bloomingdale's,924,4,0,1004351,0.9956896551724138,1.0,0.9999960173444649,0.9978401727861772
,Blue Apron,1060,0,0,1004219,1.0,1.0,1.0,1.0
,Blue Martini,503,3,0,1004773,0.9940711462450593,1.0,0.9999970142598947,0.9970267591674926
,Blue Mountain,1023,3,0,1004253,0.9970760233918129,1.0,0.9999970127138896,0.9985358711566619
,BMW,1010,27,0,1004242,0.973963355834137,1.0,0.999973114773034,0.986809965803615
,Bob Evans,1007,1,0,1004271,0.9990079365079365,1.0,0.9999990042538276,0.9995037220843672
,Boden,964,3,0,1004312,0.9968976215098242,1.0,0.9999970128893824,0.9984464008285863
,Boingo Wireless,1018,0,0,1004261,1.0,1.0,1.0,1.0
,Bojangles,922,8,0,1004349,0.9913978494623656,1.0,0.9999920347047913,0.9956803455723542
,Boloco,981,2,0,1004296,0.9979654120040692,1.0,0.9999980085592125,0.9989816700610997
,Bon Appetit,959,1,0,1004319,0.9989583333333333,1.0,0.9999990043014179,0.9994788952579468
,Bonefish Grill,942,2,0,1004335,0.9978813559322034,1.0,0.9999980086365433,0.9989395546129375
,Bon-Ton,997,16,0,1004266,0.9842053307008884,1.0,0.9999840682198825,0.9920398009950249
,Books-A-Million,1021,2,0,1004256,0.9980449657869013,1.0,0.9999980084798926,0.9990215264187867
,Boost Mobile,978,1,0,1004300,0.9989785495403473,1.0,0.9999990042825806,0.9994890137966276
,Boscov's,988,3,0,1004288,0.9969727547931383,1.0,0.999997012817998,0.9984840828701365
,Boston Market,971,3,0,1004305,0.9969199178644764,1.0,0.9999970128685622,0.9984575835475578
,Boston Taxi Cab,1044,5,0,1004230,0.9952335557673975,1.0,0.999995021085702,0.9976110845676063
,BP,1230,94,5,1003950,0.9290030211480362,0.9959514170040485,0.9999063786049217,0.9613130128956623
,Braum's,1000,2,0,1004277,0.998003992015968,1.0,0.9999980085215363,0.9990009990009989
,Bright House Networks,978,4,0,1004297,0.9959266802443992,1.0,0.9999960171303225,0.9979591836734694
,Bristol Farms,999,0,0,1004280,1.0,1.0,1.0,1.0
,British Airways,1012,4,0,1004263,0.9960629921259843,1.0,0.9999960169954802,0.9980276134122288
,Broadview Security,967,1,0,1004311,0.9989669421487604,1.0,0.9999990042934865,0.999483204134367
,Brooks Brothers,964,8,3,1004304,0.9917695473251029,0.9968976215098242,0.9999920343478919,0.9943269726663229
,Brookshire's,964,20,0,1004295,0.9796747967479674,1.0,0.9999800859292154,0.9897330595482546
,Brookstone,938,4,0,1004337,0.9957537154989384,1.0,0.9999960172889487,0.997872340425532
,Bruegger's,1009,0,0,1004270,1.0,1.0,1.0,1.0
,Bubba Gump Shrimp,974,1,0,1004304,0.9989743589743589,1.0,0.9999990042865464,0.9994869163673679
,Buc-ee's,999,0,0,1004280,1.0,1.0,1.0,1.0
,Buckle,1057,6,0,1004216,0.9943555973659455,1.0,0.999994025225498,0.9971698113207548
,Budget Rent a Car,1007,10,0,1004262,0.9901671583087512,1.0,0.9999900425382765,0.9950592885375494
,Buffalo Wild Wings,1038,5,3,1004233,0.9952061361457335,0.9971181556195965,0.9999950211005758,0.9961612284069098
,Build-A-Bear Workshop,1012,0,0,1004267,1.0,1.0,1.0,1.0
,Burger King,1103,5,3,1004168,0.9954873646209387,0.9972875226039783,0.9999950207782922,0.996386630532972
,Burlington Coat Factory,1038,4,1,1004236,0.9961612284069098,0.9990375360923965,0.9999960168883932,0.9975973089860644
,Busch Gardens,740,16,1,1004522,0.9788359788359788,0.9986504723346828,0.9999840722799934,0.9886439545758183
,Buy Buy Baby,1027,1,0,1004251,0.9990272373540856,1.0,0.999999004233997,0.9995133819951338
,Cabela's,1005,1,0,1004273,0.9990059642147118,1.0,0.9999990042558107,0.9995027349577325
,Cablevision,949,0,0,1004330,1.0,1.0,1.0,1.0
,Cafe Duke,995,4,0,1004280,0.995995995995996,1.0,0.9999960170629025,0.9979939819458374
,Cafe Europa,1025,1,0,1004253,0.9990253411306043,1.0,0.9999990042359801,0.999512432959532
,California Pizza Kitchen,1017,6,0,1004256,0.9941348973607038,1.0,0.9999940254634747,0.9970588235294118
,California Tortilla,969,1,0,1004309,0.9989690721649485,1.0,0.9999990042915036,0.999484270242393
,Calvin Klein,933,0,0,1004346,1.0,1.0,1.0,1.0
,Camping World,972,0,0,1004307,1.0,1.0,1.0,1.0
,Canteen Vending Services,1707,7,0,1003565,0.9959159859976663,1.0,0.9999930249150036,0.997953814674072
,Capital One,989,3,0,1004287,0.9969758064516129,1.0,0.9999970128150235,0.9984856133266027
,Captain D's,998,4,0,1004277,0.9960079840319361,1.0,0.9999960170510046,0.9980000000000001
,Caribou Coffee,1002,1,0,1004276,0.9990029910269193,1.0,0.9999990042587852,0.9995012468827931
,Carl's Jr.,1061,3,0,1004215,0.9971804511278195,1.0,0.9999970126008496,0.9985882352941177
,Carmike Cinemas,989,0,0,1004290,1.0,1.0,1.0,1.0
,Carnegie Mellon University,1016,0,1,1004262,1.0,0.9990167158308751,1.0,0.999508116084604
,Carnival Cruise Lines,960,0,0,1004319,1.0,1.0,1.0,1.0
,Carrabba's Italian Grill,1048,1,0,1004230,0.9990467111534795,1.0,0.9999990042131741,0.9995231282784931
,Carter's,1041,8,0,1004230,0.9923736892278361,1.0,0.9999920337609212,0.9961722488038278
,Casey's General Stores,1006,0,0,1004273,1.0,1.0,1.0,1.0
,CCBill,1004,2,0,1004273,0.9980119284294234,1.0,0.9999980085136043,0.999004975124378
,Central Market,968,5,0,1004306,0.9948612538540597,1.0,0.9999950214624753,0.9974240082431736
,Century 21 Department Store,1016,0,0,1004263,1.0,1.0,1.0,1.0
,Century Theatres,986,4,0,1004289,0.9959595959595959,1.0,0.9999960170985958,0.9979757085020243
,CenturyLink,979,2,3,1004295,0.9979612640163099,0.9969450101832994,0.9999980085572295,0.9974528782475803
,Charley's Grilled Subs,981,44,0,1004254,0.9570731707317073,1.0,0.9999561883026751,0.9780658025922233
,Charlotte Russe,1071,4,0,1004204,0.9962790697674418,1.0,0.9999960167614678,0.9981360671015843
,Charming Charlie,973,1,0,1004305,0.9989733059548255,1.0,0.9999990042875379,0.9994863893168978
,Charter Communications,1004,4,0,1004271,0.996031746031746,1.0,0.9999960170272086,0.9980119284294234
,Chartwells,977,3,0,1004299,0.996938775510204,1.0,0.9999970128507162,0.9984670413898824
,Chaz Dean,991,0,0,1004288,1.0,1.0,1.0,1.0
,Checkers,860,47,0,1004372,0.948180815876516,1.0,0.9999532067792425,0.9734012450481042
,Cheddar's,1042,0,0,1004237,1.0,1.0,1.0,1.0
,Chevron,1069,8,0,1004202,0.9925719591457753,1.0,0.9999920335388016,0.9962721342031687
,Chevys Fresh Mex,959,2,0,1004318,0.9979188345473465,1.0,0.9999980086028357,0.9989583333333333
,Chicken Express,983,1,0,1004295,0.9989837398373984,1.0,0.9999990042776233,0.9994916115912558
,Chick-fil-A,1098,0,1,1004180,1.0,0.9990900818926297,1.0,0.9995448338643604
,Chico's,943,7,0,1004329,0.9926315789473684,1.0,0.9999930302209619,0.9963021658742736
,Chili's,1046,9,0,1004224,0.9914691943127962,1.0,0.9999910379364152,0.9957163255592575
,China Wok,1002,35,1,1004241,0.9662487945998072,0.9990029910269193,0.9999651490227786,0.9823529411764707
,Chipotle,1049,1,1,1004228,0.9990476190476191,0.9990476190476191,0.9999990042111909,0.9990476190476191
,Chop't,1026,9,0,1004244,0.991304347826087,1.0,0.9999910381148973,0.9956331877729258
,Chuck E. Cheese's,1013,2,1,1004263,0.9980295566502463,0.9990138067061144,0.9999980084937741,0.9985214391325776
,Church's Chicken,1007,2,0,1004270,0.998017839444995,1.0,0.9999980085076553,0.9990079365079365
,Chuy's,1001,3,0,1004275,0.9970119521912351,1.0,0.9999970127793301,0.9985037406483791
,Cici's Pizza,991,2,0,1004286,0.9979859013091642,1.0,0.9999980085393831,0.998991935483871
,Cigna,856,0,0,1004423,1.0,1.0,1.0,1.0
,Cinemark Theatres,975,1,0,1004303,0.9989754098360656,1.0,0.999999004285555,0.9994874423372629
,Cinnabon,1035,3,1,1004240,0.9971098265895953,0.999034749034749,0.999997012675219,0.9980713596914175
,Circle K,1063,10,0,1004206,0.9906803355079217,1.0,0.9999900419829997,0.995318352059925
,Citarella,997,1,0,1004281,0.998997995991984,1.0,0.9999990042637427,0.9994987468671679
,Citgo,947,12,0,1004320,0.9874869655891554,1.0,0.9999880517597767,0.993704092339979
,Citibank,1822,4,2,1003451,0.9978094194961665,0.9989035087719298,0.9999960137724163,0.9983561643835617
,Claire's,982,16,0,1004281,0.9839679358717435,1.0,0.9999840684578367,0.9919191919191919
,Clarks,527,72,2,1004678,0.8797996661101837,0.996219281663516,0.9999283403831799,0.9343971631205673
,Clyde's Restaurant Group,691,7,0,1004581,0.9899713467048711,1.0,0.9999930319693248,0.9949604031677466
,Coach USA,1049,0,0,1004230,1.0,1.0,1.0,1.0
,Coca Cola,952,4,0,1004323,0.99581589958159,1.0,0.9999960172334309,0.9979035639412999
,Coco's Bakery Restaurant,859,11,0,1004409,0.9873563218390805,1.0,0.9999890484060453,0.9936379410063622
,Coinmach,1064,0,0,1004215,1.0,1.0,1.0,1.0
,Cold Stone Creamery,1035,6,1,1004237,0.9942363112391931,0.999034749034749,0.9999940253504381,0.9966297544535387
,Cole Haan,997,3,0,1004279,0.997,1.0,0.999997012791228,0.99849774661993
,College Board,1056,1,3,1004219,0.9990539262062441,0.9971671388101983,0.9999990042022664,0.998109640831758
,Columbia Sportswear,799,1,0,1004479,0.99875,1.0,0.9999990044600191,0.9993746091307067
,Comcast,998,0,0,1004281,1.0,1.0,1.0,1.0
,Comfort Suites,1013,0,0,1004266,1.0,1.0,1.0,1.0
,Consumer Reports,1000,4,0,1004275,0.9960159362549801,1.0,0.9999960170430727,0.998003992015968
,Cook Out,952,0,1,1004326,1.0,0.9989506820566632,1.0,0.9994750656167979
,Copps,976,0,0,1004303,1.0,1.0,1.0,1.0
,Corner Bakery Cafe,981,1,0,1004297,0.9989816700610998,1.0,0.9999990042796063,0.999490575649516
,Corner Store,1056,5,0,1004218,0.9952874646559849,1.0,0.9999950210262063,0.9976381672177609
,Cosi,976,2,1,1004300,0.9979550102249489,0.9989764585465711,0.9999980085671442,0.9984654731457802
,Cost Plus World Market,1074,6,0,1004199,0.9944444444444445,1.0,0.9999940251243521,0.9972144846796658
,Costco,1425,8,18,1003828,0.994417306350314,0.9875259875259875,0.9999920305707307,0.9909596662030599
,Costco Gas,1041,17,6,1004215,0.9839319470699432,0.994269340974212,0.999983071640816,0.9890736342042755
,Cox Communications,1033,0,1,1004245,1.0,0.9990328820116054,1.0,0.9995162070633768
,Cracker Barrel,1006,4,1,1004268,0.996039603960396,0.9990069513406157,0.9999960170153106,0.9975210708973723
,Craigslist,977,0,0,1004302,1.0,1.0,1.0,1.0
,Crate and Barrel,1047,1,0,1004231,0.9990458015267175,1.0,0.9999990042141657,0.9995226730310262
,Crazy 8,1004,1,1,1004273,0.9990049751243781,0.9990049751243781,0.9999990042558107,0.9990049751243781
,Crocs,957,3,0,1004319,0.996875,1.0,0.9999970129102022,0.9984350547730829
,Crossfit,953,13,2,1004311,0.9865424430641822,0.9979057591623036,0.9999870559699858,0.9921915668922436
,Crowne Plaza,957,1,0,1004321,0.9989561586638831,1.0,0.9999990043034007,0.9994778067885117
,Crumbs,964,8,0,1004307,0.9917695473251029,1.0,0.9999920343716862,0.9958677685950413
,C-Town Supermarkets,1048,2,0,1004229,0.9980952380952381,1.0,0.9999980084263481,0.9990467111534795
,Cub Foods,1040,1,0,1004238,0.9990393852065321,1.0,0.9999990042211068,0.9995194617972128
,Culinart,1038,6,2,1004233,0.9942528735632183,0.9980769230769231,0.9999940253266404,0.9961612284069097
,Culver's,952,2,2,1004323,0.9979035639412998,0.9979035639412998,0.9999980086127499,0.9979035639412998
,Cumberland Farms,1991,22,0,1003266,0.9890710382513661,1.0,0.9999780720989387,0.9945054945054945
,CVS Caremark,1018,0,0,1004261,1.0,1.0,1.0,1.0
,CVS Pharmacy,1262,8,1,1004008,0.9937007874015747,0.9992082343626286,0.99999203199949,0.9964469009080141
,D'Agostino,1030,10,0,1004239,0.9903846153846154,1.0,0.9999900423102238,0.9951690821256038
,Dairy Queen,998,2,0,1004279,0.998,1.0,0.9999980085255024,0.998998998998999
,Dave & Buster's,1046,1,0,1004232,0.9990448901623686,1.0,0.9999990042151572,0.9995222169135212
,David's Bridal,993,2,0,1004284,0.9979899497487437,1.0,0.9999980085354172,0.9989939637826961
,Davismonthan Air Force Base,757,7,0,1004515,0.9908376963350786,1.0,0.999993031511505,0.9953977646285339
,Dean & DeLuca,996,0,0,1004283,1.0,1.0,1.0,1.0
,Del Taco,1013,3,0,1004263,0.9970472440944882,1.0,0.9999970127436356,0.9985214391325776
,Delivery.com,973,3,0,1004303,0.9969262295081968,1.0,0.9999970128626136,0.9984607491021037
,Dell,944,43,3,1004289,0.9564336372847011,0.996832101372756,0.999957185472533,0.9762150982419856
,Delta Air Lines,1222,44,1,1004012,0.9652448657187994,0.9991823385118561,0.9999561777430741,0.9819204499799116
,Delta Sonic,966,1,1,1004311,0.9989658738366081,0.9989658738366081,0.9999990042934865,0.9989658738366081
,Denny's,992,15,0,1004272,0.9851042701092354,1.0,0.9999850640305012,0.992496248124062
,Diamond Parking,987,1,0,1004291,0.9989878542510121,1.0,0.9999990042736575,0.9994936708860759
,Diamond Shamrock,1052,0,0,1004227,1.0,1.0,1.0,1.0
,Diapers.com,1041,0,0,1004238,1.0,1.0,1.0,1.0
,Dickey's Barbecue Pit,988,2,0,1004289,0.997979797979798,1.0,0.9999980085453319,0.9989888776541962
,Dick's Sporting Goods,1029,4,0,1004246,0.9961277831558567,1.0,0.9999960169280557,0.9980601357904947
,Dillard's,1034,3,1,1004241,0.9971070395371263,0.9990338164251208,0.9999970126781937,0.9980694980694981
,Dillons,1041,5,0,1004233,0.9952198852772467,1.0,0.9999950211005758,0.9976042165788213
,DirecTV,1035,2,0,1004242,0.9980713596914176,1.0,0.9999980084521292,0.9990347490347491
,Dish Network,1019,0,0,1004260,1.0,1.0,1.0,1.0
,Disney Store,822,6,0,1004451,0.9927536231884058,1.0,0.9999940266233398,0.9963636363636363
,DMV,1001,11,1,1004266,0.9891304347826086,0.999001996007984,0.9999890468466369,0.9940417080436941
,Dollar General Store,954,2,0,1004323,0.997907949790795,1.0,0.9999980086127499,0.9989528795811519
,Dollar Shave Club,1010,0,0,1004269,1.0,1.0,1.0,1.0
,Dollar Tree,1018,1,0,1004260,0.9990186457311089,1.0,0.9999990042429209,0.9995090819833087
,Dominick's,1005,11,0,1004263,0.9891732283464567,1.0,0.9999890468139173,0.9945571499257794
,Domino's Pizza,1002,10,1,1004266,0.9901185770750988,0.9990029910269193,0.9999900425779368,0.9945409429280397
,Doubletree,1037,6,0,1004236,0.9942473633748802,1.0,0.9999940253444887,0.9971153846153847
,Dressbarn,1003,2,2,1004272,0.9980099502487563,0.9980099502487563,0.9999980085116214,0.9980099502487563
,Drugstore.com,919,9,0,1004351,0.990301724137931,1.0,0.9999910390696563,0.9951272333513806
,DSW,1056,2,0,1004221,0.998109640831758,1.0,0.9999980084104826,0.9990539262062441
,Duane Reade,1034,0,0,1004245,1.0,1.0,1.0,1.0
,Dunkin' Donuts,1153,1,0,1004125,0.9991334488734835,1.0,0.9999990041090461,0.9995665366276549
,Dunkin' Donuts / Baskin-Robbins,973,3,1,1004302,0.9969262295081968,0.9989733059548255,0.9999970128596393,0.997948717948718
,Dutch Bros,967,1,0,1004311,0.9989669421487604,1.0,0.9999990042934865,0.999483204134367
,Earth Fare,1024,0,0,1004255,1.0,1.0,1.0,1.0
,EarthLink,1017,0,1,1004261,1.0,0.9990176817288802,1.0,0.9995085995085995
,eBay Inc.,1935,21,4,1003319,0.9892638036809815,0.9979370809695719,0.9999790699065122,0.9935815147625161
,ECHST.net,934,3,0,1004342,0.9967982924226254,1.0,0.999997012978608,0.9983965793693212
,Eddie Bauer,971,1,0,1004307,0.9989711934156379,1.0,0.9999990042895207,0.9994853319608853
,Eddie V's,238,1,0,1005040,0.99581589958159,1.0,0.9999990050157158,0.9979035639412999
,Edible Arrangements,1023,2,0,1004254,0.9980487804878049,1.0,0.9999980084759265,0.9990234375
,eFax,1047,0,0,1004232,1.0,1.0,1.0,1.0
,Einstein Bros Bagels,1013,4,3,1004259,0.9960668633235005,0.9970472440944882,0.9999960169796159,0.9965568125922283
,El Pollo Loco,987,2,0,1004290,0.9979777553083923,1.0,0.9999980085473149,0.9989878542510121
,Embassy Suites Hotels,802,26,0,1004451,0.9685990338164251,1.0,0.999974115883191,0.9840490797546013
,Enmark,994,0,3,1004282,1.0,0.9969909729187563,1.0,0.9984932194876946
,Enterprise Rent-A-Car,1078,5,0,1004196,0.9953831948291783,1.0,0.9999950209171271,0.9976862563627951
,Epicurean Feast,1016,1,0,1004262,0.9990167158308751,1.0,0.999999004244904,0.999508116084604
,Epoch Payment Solutions,987,3,1,1004288,0.996969696969697,0.9989878542510121,0.999997012817998,0.9979777553083923
,Equifax,934,0,0,1004345,1.0,1.0,1.0,1.0
,ESI Mail Pharmacy Service,1042,0,0,1004237,1.0,1.0,1.0,1.0
,Esso,1136,62,16,1004065,0.9482470784641068,0.9861111111111112,0.9999382548223482,0.9668085106382979
,Etsy Inc.,1051,0,1,1004227,1.0,0.9990494296577946,1.0,0.9995244888254874
,Eurest Dining,1072,22,1,1004184,0.979890310786106,0.9990680335507922,0.9999780921444404,0.9893862482694971
,European Wax Center,947,3,0,1004329,0.9968421052631579,1.0,0.9999970129399441,0.9984185556141276
,Expedia,1030,1,0,1004248,0.9990300678952473,1.0,0.9999990042310224,0.9995147986414362
,Experian,1026,0,0,1004253,1.0,1.0,1.0,1.0
,Extra Space Storage,1064,12,0,1004203,0.9888475836431226,1.0,0.9999880503677001,0.994392523364486
,Exxon Mobil,1080,0,0,1004199,1.0,1.0,1.0,1.0
,E-Z-GO,1022,1,0,1004256,0.9990224828934506,1.0,0.9999990042389548,0.9995110024449878
,E-ZPass,1060,2,0,1004217,0.9981167608286252,1.0,0.9999980084025496,0.9990574929311969
,f.y.e.,1045,1,0,1004233,0.9990439770554493,1.0,0.9999990042161488,0.9995217599234816
,Facebook,1148,3,0,1004128,0.9973935708079931,1.0,0.9999970123420151,0.9986950848194868
,Fairfield Inn,985,1,0,1004293,0.9989858012170385,1.0,0.9999990042756404,0.9994926433282597
,Fairway Market,1069,17,0,1004193,0.9843462246777164,1.0,0.9999830712699534,0.9921113689095128
,Family Christian Stores,959,0,0,1004320,1.0,1.0,1.0,1.0
,Family Dollar,988,0,0,1004291,1.0,1.0,1.0,1.0
,Family Fare,646,8,0,1004625,0.9877675840978594,1.0,0.9999920368930744,0.9938461538461539
,Famous Dave's,1023,0,1,1004255,1.0,0.9990234375,1.0,0.9995114802149487
,Famous Footwear,1029,0,0,1004250,1.0,1.0,1.0,1.0
,Fandango,1022,2,0,1004255,0.998046875,1.0,0.9999980084779095,0.9990224828934506
,Fantastic Sams,1004,4,0,1004271,0.996031746031746,1.0,0.9999960170272086,0.9980119284294234
,Fareway,1015,2,0,1004262,0.9980334316617503,1.0,0.999998008491791,0.9990157480314961
,Farm Fresh Food & Pharmacy,818,9,0,1004452,0.9891172914147521,1.0,0.9999910399706907,0.9945288753799392
,Farmers Insurance Group,1000,1,0,1004278,0.999000999000999,1.0,0.9999990042607682,0.9995002498750626
,FasTrak,982,4,0,1004293,0.9959432048681541,1.0,0.9999960171144592,0.9979674796747968
,Fastrip Food Stores,986,3,0,1004290,0.9969666329625885,1.0,0.9999970128239468,0.9984810126582278
,Fazoli's,979,1,0,1004299,0.9989795918367347,1.0,0.9999990042815892,0.9994895354772844
,FedEx,967,8,0,1004304,0.9917948717948718,1.0,0.9999920343478919,0.995880535530381
,Festival Foods,1038,0,0,1004241,1.0,1.0,1.0,1.0
,Fiesta Mart,1038,3,0,1004238,0.9971181556195965,1.0,0.9999970126692697,0.9985569985569985
,Fanancier Patisserie,1027,0,0,1004252,1.0,1.0,1.0,1.0
,Finish Line,963,19,0,1004297,0.9806517311608961,1.0,0.9999810816515917,0.9902313624678662
,Firehouse Subs,1049,5,0,1004225,0.9952561669829222,1.0,0.9999950210609123,0.9976224441274371
,Firestone,965,1,3,1004310,0.9989648033126294,0.996900826446281,0.9999990042924951,0.9979317476732161
,First Watch,960,1,0,1004318,0.9989594172736732,1.0,0.9999990043004264,0.9994794377928162
,Five Below,962,0,0,1004317,1.0,1.0,1.0,1.0
,Five Guys,1041,1,1,1004236,0.9990403071017274,0.9990403071017274,0.9999990042191236,0.9990403071017274
,Five Star Food Mart,357,16,1,1004905,0.9571045576407506,0.9972067039106145,0.9999840783504375,0.9767441860465116
,Flash Foods,1022,3,1,1004253,0.9970731707317073,0.9990224828934506,0.9999970127138896,0.998046875
,Food 4 Less,977,2,0,1004300,0.9979570990806946,1.0,0.9999980085671442,0.9989775051124744
,Food City,995,3,0,1004281,0.996993987975952,1.0,0.9999970127971769,0.9984947315604616
,Food Lion,1017,1,0,1004261,0.9990176817288802,1.0,0.9999990042439124,0.9995085995085995
,Food Maxx,1018,0,0,1004261,1.0,1.0,1.0,1.0
,Food Town,996,16,0,1004267,0.9841897233201581,1.0,0.9999840682357463,0.99203187250996
,FoodLand,879,36,0,1004364,0.9606557377049181,1.0,0.9999641577060931,0.979933110367893
,Food Co,1023,6,0,1004250,0.9941690962099126,1.0,0.9999940254277794,0.9970760233918129
,Foot Locker,960,58,0,1004261,0.9430255402750491,1.0,0.9999422494247345,0.9706774519716886
,Forever 21,986,0,0,1004293,1.0,1.0,1.0,1.0
,Fossil Group,776,6,0,1004497,0.9923273657289002,1.0,0.9999940268968833,0.9961489088575096
,Four Seasons Hotels And Resorts,575,92,1,1004611,0.8620689655172413,0.9982638888888888,0.99990843065065,0.9251810136765889
,Fox Rent A Car,1020,1,0,1004258,0.9990205680705191,1.0,0.9999990042409378,0.9995100440960314
,Francesca's,930,7,0,1004342,0.9925293489861259,1.0,0.9999930303111767,0.9962506695232993
,Fred Meyer,1041,1,0,1004237,0.9990403071017274,1.0,0.9999990042201151,0.99951992318771
,Fred Meyer Fuel,1019,2,0,1004258,0.9980411361410382,1.0,0.9999980084838588,0.9990196078431373
,Freddy's Frozen Custard & Steakburgers,956,3,0,1004320,0.9968717413972888,1.0,0.9999970129131763,0.9984334203655352
,Freebirds World Burrito,1038,1,0,1004240,0.9990375360923965,1.0,0.9999990042230898,0.9995185363505055
,Fresh & Easy,995,0,0,1004284,1.0,1.0,1.0,1.0
,Fresh and Co,950,1,1,1004327,0.9989484752891693,0.9989484752891693,0.9999990043093492,0.9989484752891693
,FreshDirect,966,1,0,1004312,0.9989658738366081,1.0,0.999999004294478,0.999482669425763
,Friendly's,669,11,0,1004599,0.9838235294117647,1.0,0.9999890504772997,0.9918458117123795
,Frontgate,774,1,0,1004504,0.9987096774193548,1.0,0.999999004484796,0.9993544222078761
,Frontier Airlines,518,1,1,1004759,0.9980732177263969,0.9980732177263969,0.9999990047374497,0.9980732177263969
,Fry's,1038,0,1,1004240,1.0,0.9990375360923965,1.0,0.9995185363505055
,Fry's Electronics,809,14,0,1004456,0.982989064398542,1.0,0.9999860623015122,0.991421568627451
,Fry's Food and Drug,1056,2,7,1004214,0.998109640831758,0.993414863593603,0.9999980083965999,0.9957567185289957
,FTD Companies Inc.,992,23,0,1004264,0.9773399014778326,1.0,0.9999770981801019,0.9885401096163429
,Fuddruckers,978,0,0,1004301,1.0,1.0,1.0,1.0
,Fuzzy's Taco Shop,1003,2,0,1004274,0.9980099502487563,1.0,0.9999980085155874,0.999003984063745
,GameFly,1014,0,0,1004265,1.0,1.0,1.0,1.0
,Gamestop,1043,0,0,1004236,1.0,1.0,1.0,1.0
,Gander Mountain,995,0,0,1004284,1.0,1.0,1.0,1.0
,Gap Inc.,993,4,1,1004281,0.995987963891675,0.9989939637826962,0.9999960170668685,0.9974886991461577
,Garden of Eden,1000,2,0,1004277,0.998003992015968,1.0,0.9999980085215363,0.9990009990009989
,Garden Ridge,923,4,0,1004352,0.9956850053937433,1.0,0.9999960173484302,0.9978378378378379
,Gas N' Go,877,12,3,1004387,0.9865016872890888,0.9965909090909091,0.9999880525568027,0.9915206331260599
,Geico,995,0,1,1004283,1.0,0.998995983935743,1.0,0.9994977398292315
,Gelson's Markets,970,0,0,1004309,1.0,1.0,1.0,1.0
,Genghis Grill,1016,0,1,1004262,1.0,0.9990167158308751,1.0,0.999508116084604
,GetGo,978,3,0,1004298,0.9969418960244648,1.0,0.9999970128477419,0.9984686064318529
,Ghirardelli Chocolate,968,5,1,1004305,0.9948612538540597,0.9989680082559339,0.9999950214575181,0.9969104016477858
,Giant Eagle,1007,0,0,1004272,1.0,1.0,1.0,1.0
,Giant Food,1577,53,0,1003649,0.9674846625766871,1.0,0.9999471954823245,0.9834736513875896
,Giant Oil,1029,0,0,1004250,1.0,1.0,1.0,1.0
,Gilt Groupe,939,0,1,1004339,1.0,0.9989361702127659,1.0,0.9994678020223523
,GitHub,992,0,0,1004287,1.0,1.0,1.0,1.0
,Giuseppe's Pasta & Grill,385,7,0,1004887,0.9821428571428571,1.0,0.9999930340911579,0.9909909909909909
,GNC,1077,2,1,1004199,0.9981464318813716,0.9990723562152134,0.9999980083668508,0.9986091794158554
,GoDaddy,1043,0,0,1004236,1.0,1.0,1.0,1.0
,Godiva Chocolatier,946,1,0,1004332,0.9989440337909187,1.0,0.9999990043143061,0.999471737982039
,Gogo Inflight Internet,980,0,0,1004299,1.0,1.0,1.0,1.0
,Golden Corral,1012,2,0,1004265,0.9980276134122288,1.0,0.9999980084977401,0.9990128331688055
,Gold's Gym,1157,14,1,1004107,0.9880444064901793,0.9991364421416234,0.9999860574572188,0.9935594675826535
,GolfNow,967,0,0,1004312,1.0,1.0,1.0,1.0
,Golfsmith,1046,2,0,1004231,0.9980916030534351,1.0,0.9999980084303145,0.9990448901623686
,Goodwill,1009,10,0,1004260,0.9901864573110893,1.0,0.9999900425184463,0.995069033530572
,Goodyear India,402,10,0,1004867,0.9757281553398058,1.0,0.9999900485333031,0.9877149877149877
,Google,1383,83,8,1003805,0.9433833560709414,0.9942487419122933,0.9999173214541861,0.9681484074203711
,Google Midas,891,73,2,1004313,0.9242738589211619,0.9977603583426652,0.9999273187798317,0.9596122778675283
,Gordon Biersch,983,1,0,1004295,0.9989837398373984,1.0,0.9999990042776233,0.9994916115912558
,Gourmet Garage,1014,3,0,1004262,0.9970501474926253,1.0,0.9999970127406611,0.9985228951255538
,Great Clips,1005,0,0,1004274,1.0,1.0,1.0,1.0
,Greyhound,944,14,0,1004321,0.9853862212943633,1.0,0.9999860604280444,0.992639327024185
,Gristede's,1033,0,0,1004246,1.0,1.0,1.0,1.0
,Groupon,1102,0,0,1004177,1.0,1.0,1.0,1.0
,GrubHub,1066,0,0,1004213,1.0,1.0,1.0,1.0
,Guitar Center,969,7,1,1004302,0.992827868852459,0.9989690721649485,0.9999930300335853,0.9958890030832477
,Gulf Oil LP,976,0,1,1004302,1.0,0.9989764585465711,1.0,0.9994879672299026
,Gymboree,932,41,0,1004306,0.9578622816032888,1.0,0.9999591774556005,0.978477690288714
,H Mart,1274,24,0,1003981,0.9815100154083205,1.0,0.999976095736575,0.9906687402799378
,H&M,1055,13,0,1004211,0.9878277153558053,1.0,0.9999870546810273,0.993876589731512
,H&R Block,963,0,0,1004316,1.0,1.0,1.0,1.0
,Haagen-Dazs,1017,1,1,1004260,0.9990176817288802,0.9990176817288802,0.9999990042429209,0.9990176817288802
,Hale & Hearty,979,8,0,1004292,0.9918946301925026,1.0,0.9999920342527133,0.9959308240081384
,Hallmark,1012,11,0,1004256,0.989247311827957,1.0,0.9999890467375708,0.9945945945945946
,Hampton Inn Hotels,957,10,0,1004312,0.9896587383660806,1.0,0.9999900430340071,0.9948024948024948
,Hancock Fabrics,954,3,0,1004322,0.9968652037617555,1.0,0.9999970129191248,0.9984301412872841
,Hand & Stone,1039,1,0,1004239,0.9990384615384615,1.0,0.9999990042220983,0.9995189995189995
,Hanes,982,4,0,1004293,0.9959432048681541,1.0,0.9999960171144592,0.9979674796747968
,Hanna Andersson,972,0,0,1004307,1.0,1.0,1.0,1.0
,Hannaford,1015,0,0,1004264,1.0,1.0,1.0,1.0
,Happy Harry's,1019,7,0,1004253,0.99317738791423,1.0,0.9999930296935057,0.9965770171149144
,Harbor Freight Tools,950,0,0,1004329,1.0,1.0,1.0,1.0
,Hard Rock,976,11,0,1004292,0.9888551165146909,1.0,0.9999890471301988,0.9943963321446766
,Hardee's,985,5,0,1004289,0.9949494949494949,1.0,0.999995021378202,0.9974683544303797
,Harkins Theatres,1010,11,0,1004258,0.9892262487757101,1.0,0.9999890467593842,0.9945839487936976
,Harmon,1771,22,1,1003485,0.9877300613496932,0.9994356659142212,0.9999780768843666,0.9935483870967741
,Harris Teeter,1069,0,0,1004210,1.0,1.0,1.0,1.0
,HauteLook,1008,1,0,1004270,0.9990089197224975,1.0,0.9999990042528362,0.9995042141794744
,Hawaiian Airlines,774,19,0,1004486,0.9760403530895334,1.0,0.9999810852111238,0.9878749202297383
,H-E-B,1185,2,6,1004086,0.9983150800336984,0.9949622166246851,0.9999980081427126,0.9966358284272497
,HEB Gas & Car Wash,964,6,0,1004309,0.9938144329896907,1.0,0.9999940257787646,0.9968976215098242
,Heinen's,1007,1,0,1004271,0.9990079365079365,1.0,0.9999990042538276,0.9995037220843672
,Hess Corporation,1446,7,1,1003825,0.9951823812801102,0.9993089149965446,0.9999930267216028,0.9972413793103448
,Hibachi Grill,908,8,1,1004362,0.9912663755458515,0.9988998899889989,0.9999920348078896,0.9950684931506849
,Hibbett Sports,971,0,0,1004308,1.0,1.0,1.0,1.0
,Hillstone,1024,2,0,1004253,0.9980506822612085,1.0,0.9999980084739434,0.9990243902439024
,Hilton Hotels & Resorts,698,80,2,1004499,0.897172236503856,0.9971428571428571,0.9999203646502665,0.9445196211096074
,Hobby Lobby,998,0,0,1004281,1.0,1.0,1.0,1.0
,Holiday Inn,969,10,1,1004299,0.9897854954034729,0.9989690721649485,0.9999900429051218,0.9943560800410468
,Holiday Stationstores,972,1,2,1004304,0.998972250770812,0.997946611909651,0.9999990042865464,0.9984591679506933
,Home Depot,1260,0,6,1004013,1.0,0.995260663507109,1.0,0.997624703087886
,Home Shopping Network,969,1,1,1004308,0.9989690721649485,0.9989690721649485,0.9999990042905121,0.9989690721649485
,Homeland,913,7,1,1004358,0.9923913043478261,0.9989059080962801,0.9999930304222071,0.9956379498364232
,Homewood Suites,1063,0,1,1004215,1.0,0.9990601503759399,1.0,0.9995298542548191
,Honda,1037,17,1,1004224,0.9838709677419355,0.9990366088631984,0.9999830717925279,0.991395793499044
,HoneyBaked Ham,1019,1,0,1004259,0.9990196078431373,1.0,0.9999990042419293,0.9995095635115253
,Hooters,1047,1,0,1004231,0.9990458015267175,1.0,0.9999990042141657,0.9995226730310262
,HostGator,1020,3,0,1004256,0.9970674486803519,1.0,0.9999970127228135,0.9985315712187959
,Hot Topic,1002,0,0,1004277,1.0,1.0,1.0,1.0
,Hotels.com,1120,1,0,1004158,0.9991079393398751,1.0,0.9999990041417743,0.9995537706381079
,Hotwire,985,7,0,1004287,0.9929435483870968,1.0,0.9999930299294828,0.9964592817400101
,Houlihan's,1019,1,0,1004259,0.9990196078431373,1.0,0.9999990042419293,0.9995095635115253
,HP,1008,2,0,1004269,0.998019801980198,1.0,0.9999980085056722,0.9990089197224975
,Huck's Food & Fuel,998,6,0,1004275,0.9940239043824701,1.0,0.999994025576507,0.997002997002997
,Hudson Group,1258,8,0,1004013,0.9936808846761453,1.0,0.9999920320391705,0.9968304278922345
,Hulu,1059,1,0,1004219,0.9990566037735849,1.0,0.9999990042022664,0.9995280792826805
,Humana,993,9,1,1004276,0.9910179640718563,0.9989939637826962,0.999991038400454,0.9949899799599199
,Hungry Howie's Pizza,1011,2,0,1004266,0.998025666337611,1.0,0.9999980084997232,0.9990118577075099
,Hyatt,1034,8,1,1004236,0.9923224568138196,0.9990338164251208,0.9999920338085166,0.9956668271545498
,Hy-Vee,1168,13,0,1004098,0.9889923793395428,1.0,0.9999870532241953,0.9944657300979141
,IHOP,833,10,0,1004436,0.9881376037959668,1.0,0.9999900442632058,0.9940334128878282
,IKEA,1004,2,0,1004273,0.9980119284294234,1.0,0.9999980085136043,0.999004975124378
,Impark,1017,0,0,1004262,1.0,1.0,1.0,1.0
,India Bazaar,954,3,0,1004322,0.9968652037617555,1.0,0.9999970129191248,0.9984301412872841
,India Cash & Carry,723,0,0,1004556,1.0,1.0,1.0,1.0
,Ingles Markets,999,3,0,1004277,0.9970059880239521,1.0,0.999997012785279,0.9985007496251874
,In-N-Out Burger,977,1,0,1004301,0.9989775051124744,1.0,0.999999004283572,0.9994884910485933
,Intel,1026,13,1,1004239,0.987487969201155,0.9990262901655307,0.9999870550419616,0.9932236205227494
,Intelius,1083,0,0,1004196,1.0,1.0,1.0,1.0
,Intuit,967,1,0,1004311,0.9989669421487604,1.0,0.9999990042934865,0.999483204134367
,Isagenix,984,0,0,1004295,1.0,1.0,1.0,1.0
,J. C. Penney,1053,0,0,1004226,1.0,1.0,1.0,1.0
,J.Crew,1047,7,2,1004223,0.9933586337760911,0.998093422306959,0.9999930294852772,0.9957203994293867
,J.Jill,1026,0,0,1004253,1.0,1.0,1.0,1.0
,Jack in the Box,1035,2,0,1004242,0.9980713596914176,1.0,0.9999980084521292,0.9990347490347491
,Jamba Juice,983,4,0,1004292,0.9959473150962512,1.0,0.9999960171104934,0.9979695431472081
,Janie and Jack,1067,0,0,1004212,1.0,1.0,1.0,1.0
,Jason's Deli,1020,2,0,1004257,0.9980430528375733,1.0,0.9999980084818757,0.999020568070519
,Jersey Mike's Subs,977,1,1,1004300,0.9989775051124744,0.9989775051124744,0.9999990042825806,0.9989775051124744
,Jetblue,1014,1,0,1004264,0.9990147783251232,1.0,0.999999004246887,0.9995071463775258
,Jiffy Lube,1024,0,0,1004255,1.0,1.0,1.0,1.0
,Jimmy John's,999,3,0,1004277,0.9970059880239521,1.0,0.999997012785279,0.9985007496251874
,Jo-Ann Fabric and Craft Stores,1058,8,0,1004213,0.9924953095684803,1.0,0.9999920336260644,0.9962335216572504
,Johnny Rockets,1000,0,0,1004279,1.0,1.0,1.0,1.0
,JoS. A. Bank,1003,1,1,1004274,0.999003984063745,0.999003984063745,0.9999990042568022,0.999003984063745
,Journeys,951,13,0,1004315,0.9865145228215768,1.0,0.9999870560215388,0.9932114882506528
,JPMorgan Chase,153,3,0,1005123,0.9807692307692307,1.0,0.9999970152995744,0.9902912621359222
,Juice Generation,1043,0,1,1004235,1.0,0.9990421455938697,1.0,0.9995208433157643
,Just Salad,1034,0,0,1004245,1.0,1.0,1.0,1.0
,Kaiser Permanente,1192,11,0,1004076,0.9908561928512053,1.0,0.9999890447740086,0.9954070981210856
,Kangaroo Express,1024,5,1,1004249,0.9951409135082604,0.9990243902439024,0.9999950211799007,0.997078870496592
,Kate Spade,977,2,0,1004300,0.9979570990806946,1.0,0.9999980085671442,0.9989775051124744
,Kay Jewelers,1001,4,1,1004273,0.9960199004975124,0.999001996007984,0.9999960170351407,0.9975087194818136
,Kenneth Cole Production,1019,4,0,1004256,0.9960899315738025,1.0,0.9999960169677176,0.9980411361410382
,Key Food,1012,0,0,1004267,1.0,1.0,1.0,1.0
,KFC,1090,47,2,1004140,0.9586631486367634,0.9981684981684982,0.99995319596848,0.978017048003589
,Kickstarter,979,0,0,1004300,1.0,1.0,1.0,1.0
,King Kullen,1000,0,0,1004279,1.0,1.0,1.0,1.0
,King Soopers,1048,0,2,1004229,1.0,0.9980952380952381,1.0,0.9990467111534795
,Kirkland's,1016,11,2,1004250,0.9892891918208374,0.9980353634577603,0.9999890466721301,0.993643031784841
,Kitchen Collection,1021,1,0,1004257,0.9990215264187867,1.0,0.9999990042399463,0.9995105237395986
,Kmart,1098,4,0,1004177,0.9963702359346642,1.0,0.9999960166543681,0.9981818181818182
,Kohl's,974,1,0,1004304,0.9989743589743589,1.0,0.9999990042865464,0.9994869163673679
,Kona Grill,1039,1,0,1004239,0.9990384615384615,1.0,0.9999990042220983,0.9995189995189995
,Krispy Kreme,941,0,0,1004338,1.0,1.0,1.0,1.0
,Kroger,1493,0,1,1003785,1.0,0.999330655957162,1.0,0.9996652159357214
,Kum & Go,1029,1,0,1004249,0.9990291262135922,1.0,0.9999990042320139,0.9995143273433705
,Kwik Fill,983,2,0,1004294,0.9979695431472081,1.0,0.9999980085552467,0.9989837398373984
,Kwik Kar,1067,11,0,1004201,0.9897959183673469,1.0,0.9999890461376681,0.9948717948717948
,Kwik Shop,863,8,0,1004408,0.9908151549942594,1.0,0.9999920351726774,0.9953863898500577
,Kwik Trip,1065,3,0,1004211,0.9971910112359551,1.0,0.9999970125889501,0.9985935302390998
,L.A. Gourmet,985,11,0,1004283,0.9889558232931727,1.0,0.9999890470320444,0.99444724886421
,L.L.Bean,1042,3,0,1004234,0.9971291866028709,1.0,0.9999970126573707,0.9985625299472928
,La Boulange,1026,3,2,1004248,0.9970845481049563,0.9980544747081712,0.9999970126990165,0.997569275644142
,LA Fitness,972,5,0,1004302,0.9948822927328557,1.0,0.9999950214426465,0.9974345818368393
,La Madeleine,1013,1,0,1004265,0.9990138067061144,1.0,0.9999990042478786,0.9995066600888012
,La Quinta Inns & Suites,1082,25,0,1004172,0.9774164408310749,1.0,0.9999751044864703,0.9885792599360438
,LabCorp,1009,1,0,1004269,0.999009900990099,1.0,0.9999990042518446,0.9995047052996533
,Landmark,280,136,1,1004862,0.6730769230769231,0.99644128113879,0.9998646763476147,0.8034433285509326
,Lands' End,1041,5,0,1004233,0.9952198852772467,1.0,0.9999950211005758,0.9976042165788213
,Lane Bryant,965,0,1,1004313,1.0,0.9989648033126294,1.0,0.9994821336095288
,Lanier Parking,1014,0,0,1004265,1.0,1.0,1.0,1.0
,Le Pain Quotidien,1037,0,0,1004242,1.0,1.0,1.0,1.0
,Learning Express Toys,1056,0,0,1004223,1.0,1.0,1.0,1.0
,Legal Sea Foods,1019,0,0,1004260,1.0,1.0,1.0,1.0
,LegalZoom,999,0,1,1004279,1.0,0.999,1.0,0.9994997498749374
,Legoland,985,1,0,1004293,0.9989858012170385,1.0,0.9999990042756404,0.9994926433282597
,Lenny's Sub Shop,553,6,0,1004720,0.9892665474060823,1.0,0.9999940282226198,0.9946043165467625
,Lenox,179,34,1,1005065,0.8403755868544601,0.9944444444444445,0.9999661724864913,0.910941475826972
,LevelUp,1070,10,0,1004199,0.9907407407407407,1.0,0.9999900419135858,0.9953488372093023
,Levi's,993,2,0,1004284,0.9979899497487437,1.0,0.9999980085354172,0.9989939637826961
,Liberty Mutual,1008,0,0,1004271,1.0,1.0,1.0,1.0
,LifeCafe,1978,2,0,1003299,0.998989898989899,1.0,0.9999980065802785,0.9994946942900456
,LifeLock,1021,0,0,1004258,1.0,1.0,1.0,1.0
,Lifetouch,1006,1,0,1004272,0.9990069513406157,1.0,0.9999990042548191,0.9995032290114257
,LinkedIn,986,1,0,1004292,0.9989868287740629,1.0,0.9999990042746489,0.9994931576279777
,Little Caesars,1010,1,0,1004268,0.9990108803165183,1.0,0.9999990042508531,0.9995051954477981
,LivingSocial Inc.,1008,1,0,1004270,0.9990089197224975,1.0,0.9999990042528362,0.9995042141794744
,Loaf 'N Jug,1013,1,0,1004265,0.9990138067061144,1.0,0.9999990042478786,0.9995066600888012
,Loehmann's,978,1,0,1004300,0.9989785495403473,1.0,0.9999990042825806,0.9994890137966276
,Loews Hotels,1008,3,0,1004268,0.9970326409495549,1.0,0.9999970127585084,0.9985141158989599
,Lone Star Steakhouse & Saloon,318,39,0,1004922,0.8907563025210085,1.0,0.999961192523889,0.9422222222222223
,LongHorn Steakhouse,1056,3,0,1004220,0.9971671388101983,1.0,0.9999970126157238,0.9985815602836879
,Lord & Taylor,1014,1,0,1004264,0.9990147783251232,1.0,0.999999004246887,0.9995071463775258
,Love's,1016,4,0,1004259,0.996078431372549,1.0,0.9999960169796159,0.9980353634577603
,Lowe's,1275,35,0,1003969,0.9732824427480916,1.0,0.9999651395811172,0.9864603481624757
,Lowes Foods,1034,1,0,1004244,0.9990338164251208,1.0,0.9999990042270561,0.999516674722088
,Luby's Cafe,1013,1,1,1004264,0.9990138067061144,0.9990138067061144,0.999999004246887,0.9990138067061144
,Lukoil,980,0,1,1004298,1.0,0.9989806320081549,1.0,0.9994900560938297
,Lululemon,1011,0,0,1004268,1.0,1.0,1.0,1.0
,Lunardi's Market,960,0,0,1004319,1.0,1.0,1.0,1.0
,Lyft,988,0,1,1004290,1.0,0.9989888776541962,1.0,0.9994941831057157
,Macy's,1093,5,0,1004181,0.9954462659380692,1.0,0.9999950208427523,0.9977179370150616
,MagicJack,1024,0,0,1004255,1.0,1.0,1.0,1.0
,Mariano's,1040,4,0,1004235,0.9961685823754789,1.0,0.999996016884427,0.9980806142034548
,Marina Food,999,0,1,1004279,1.0,0.999,1.0,0.9994997498749374
,Marine Corps Community Services,1027,1,0,1004251,0.9990272373540856,1.0,0.999999004233997,0.9995133819951338
,Market Basket,1050,3,0,1004226,0.9971509971509972,1.0,0.9999970126335727,0.9985734664764622
,Marriott Hotels,1031,15,0,1004233,0.98565965583174,1.0,0.9999850634504625,0.992778045257583
,Marshalls,1011,6,0,1004262,0.9941002949852508,1.0,0.9999940254991695,0.9970414201183432
,Massage Envy,1035,2,0,1004242,0.9980713596914176,1.0,0.9999980084521292,0.9990347490347491
,Match.com,1010,0,0,1004269,1.0,1.0,1.0,1.0
,Maverik,1076,1,0,1004202,0.9990714948932219,1.0,0.9999990041854088,0.9995355318160707
,McAfee,939,6,0,1004334,0.9936507936507937,1.0,0.9999940259274748,0.9968152866242038
,Mcdonald's,1195,10,0,1004074,0.991701244813278,1.0,0.9999900406738879,0.9958333333333333
,Meijer,1022,3,0,1004254,0.9970731707317073,1.0,0.9999970127168644,0.9985344406448461
,Melaleuca,1037,0,0,1004242,1.0,1.0,1.0,1.0
,Mellow Mushroom,1050,1,0,1004228,0.9990485252140818,1.0,0.9999990042111909,0.9995240361732509
,Menards,986,2,0,1004291,0.9979757085020243,1.0,0.9999980085492979,0.9989868287740628
,Men's Wearhouse,1037,0,0,1004242,1.0,1.0,1.0,1.0
,Metropolitan Transportation Authority,1072,3,0,1004204,0.9972093023255814,1.0,0.9999970125681259,0.9986027014438752
,Michael Kors,970,1,0,1004308,0.9989701338825953,1.0,0.9999990042905121,0.9994848016486347
,Michaels,1026,23,0,1004230,0.9780743565300286,1.0,0.9999770974047376,0.9889156626506025
,Micro Center,944,3,0,1004332,0.996832101372756,1.0,0.9999970129488667,0.9984135378106822
,Microsoft,1063,2,0,1004214,0.9981220657276996,1.0,0.9999980083965999,0.9990601503759398
,Mimi's Cafe,958,0,0,1004321,1.0,1.0,1.0,1.0
,Mitsuwa Marketplace,1008,1,0,1004270,0.9990089197224975,1.0,0.9999990042528362,0.9995042141794744
,Modell's,951,2,0,1004326,0.9979013641133263,1.0,0.9999980086186983,0.9989495798319328
,Moe's Southwest Grill,999,14,2,1004264,0.9861796643632774,0.998001998001998,0.9999860596368735,0.9920556107249254
,Morton Williams,968,2,0,1004309,0.9979381443298969,1.0,0.9999980085849901,0.9989680082559339
,Motherhood,940,1,0,1004338,0.9989373007438895,1.0,0.9999990043202545,0.9994683678894205
,MTA LIRR,906,1,0,1004372,0.9988974641675854,1.0,0.9999990043539602,0.9994484280198566
,Murphy Oil,557,1,0,1004721,0.9982078853046595,1.0,0.9999990046998075,0.9991031390134528
,MyFICO,1001,0,0,1004278,1.0,1.0,1.0,1.0
,Nando's,931,8,0,1004340,0.9914802981895634,1.0,0.9999920346334139,0.9957219251336898
,Napa Auto Parts,924,47,0,1004308,0.9515962924819773,1.0,0.999953203797462,0.9751978891820581
,National Car Rental,960,0,1,1004318,1.0,0.9989594172736732,1.0,0.9994794377928162
,Navy Exchange,1156,2,0,1004121,0.998272884283247,1.0,0.9999980082121414,0.9991356957649092
,Neiman Marcus,990,14,0,1004275,0.9860557768924303,1.0,0.9999860597895626,0.9929789368104313
,Nespresso,982,2,0,1004295,0.9979674796747967,1.0,0.9999980085572295,0.9989827060020345
,NetCost Market,1044,2,0,1004233,0.9980879541108987,1.0,0.9999980084342808,0.999043062200957
,Netflix,1259,0,0,1004020,1.0,1.0,1.0,1.0
,Network For Good,1001,0,0,1004278,1.0,1.0,1.0,1.0
,New India Bazar,1023,2,0,1004254,0.9980487804878049,1.0,0.9999980084759265,0.9990234375
,New Jersey Transit,1136,9,0,1004134,0.9921397379912664,1.0,0.9999910371331573,0.9960543621218764
,New Seasons Market,1022,1,0,1004256,0.9990224828934506,1.0,0.9999990042389548,0.9995110024449878
,New York & Company,1060,1,1,1004217,0.9990574929311969,0.9990574929311969,0.9999990042002832,0.9990574929311969
,New York City Department of Transportation,1036,0,0,1004243,1.0,1.0,1.0,1.0
,Newegg,1018,2,0,1004259,0.9980392156862745,1.0,0.9999980084858419,0.9990186457311089
,Newk's Eatery,836,24,0,1004419,0.9720930232558139,1.0,0.9999761061603296,0.9858490566037736
,Nijiya Market,993,0,0,1004286,1.0,1.0,1.0,1.0
,Nike,1029,14,1,1004235,0.9865771812080537,0.9990291262135922,0.9999860592343134,0.9927641099855282
,Nine West,996,8,0,1004275,0.9920318725099602,1.0,0.9999920341178732,0.996
,Noah's Bagels,1010,1,0,1004268,0.9990108803165183,1.0,0.9999990042508531,0.9995051954477981
,Nob Hill,943,6,0,1004330,0.9936775553213909,1.0,0.9999940259036816,0.9968287526427061
,Noodles & Company,841,22,0,1004416,0.9745075318655851,1.0,0.999978097204606,0.9870892018779343
,Nordstrom,1041,1,0,1004237,0.9990403071017274,1.0,0.9999990042201151,0.99951992318771
,North Shore Farms,1015,2,0,1004262,0.9980334316617503,1.0,0.999998008491791,0.9990157480314961
,North Texas Tollway Authority,1040,1,0,1004238,0.9990393852065321,1.0,0.9999990042211068,0.9995194617972128
,Norton,1065,24,0,1004190,0.977961432506887,1.0,0.9999761007116013,0.9888579387186629
,Nugget Market,1032,0,0,1004247,1.0,1.0,1.0,1.0
,NYC Taxi,1356,3,2,1003918,0.9977924944812362,0.9985272459499264,0.9999970117170575,0.9981597350018402
,Ocean State Job Lot,1045,1,0,1004233,0.9990439770554493,1.0,0.9999990042161488,0.9995217599234816
,O'Charley's,984,0,0,1004295,1.0,1.0,1.0,1.0
,Office Depot,1069,0,0,1004210,1.0,1.0,1.0,1.0
,OfficeMax,1002,4,0,1004273,0.9960238568588469,1.0,0.9999960170351407,0.99800796812749
,Old Navy,1018,1,0,1004260,0.9990186457311089,1.0,0.9999990042429209,0.9995090819833087
,Olive Garden,983,3,0,1004293,0.9969574036511156,1.0,0.99999701283287,0.9984763839512443
,Ollie's Bargain Outlet,987,0,0,1004292,1.0,1.0,1.0,1.0
,Omaha Steaks,1034,2,0,1004243,0.9980694980694981,1.0,0.9999980084541122,0.9990338164251207
,On the Border,984,1,0,1004294,0.9989847715736041,1.0,0.9999990042766319,0.9994921279837481
,Oncue Express,1015,0,0,1004264,1.0,1.0,1.0,1.0
,OnStar,999,1,1,1004278,0.999,0.999,0.9999990042607682,0.999
,Ooma,1005,0,3,1004271,1.0,0.9970238095238095,1.0,0.9985096870342772
,OptumRx,1052,0,0,1004227,1.0,1.0,1.0,1.0
,Orbitz,1061,2,0,1004216,0.9981185324553151,1.0,0.9999980084005664,0.9990583804143125
,Orchard Supply Hardware,973,1,0,1004305,0.9989733059548255,1.0,0.9999990042875379,0.9994863893168978
,O'Reilly Auto Parts,975,6,0,1004298,0.9938837920489296,1.0,0.9999940257133298,0.9969325153374233
,Oriental Trading,982,1,0,1004296,0.9989827060020345,1.0,0.9999990042786148,0.9994910941475827
,OTG Management,2031,0,0,1003248,1.0,1.0,1.0,1.0
,Outback Steakhouse,943,9,0,1004327,0.990546218487395,1.0,0.9999910388555224,0.9952506596306069
,Overstock.com,1015,1,0,1004263,0.9990157480314961,1.0,0.9999990042458955,0.999507631708518
,P. F. Chang's,1100,1,0,1004178,0.9990917347865577,1.0,0.9999990041616086,0.999545661063153
,PacSun,974,2,1,1004302,0.9979508196721312,0.9989743589743589,0.99999800857111,0.9984623270117888
,Palm Beach Tan,941,2,0,1004336,0.9978791092258749,1.0,0.9999980086385261,0.9989384288747346
,Panda Express,1003,0,0,1004276,1.0,1.0,1.0,1.0
,Panera Bread,1036,1,0,1004242,0.9990356798457087,1.0,0.999999004225073,0.9995176073323685
,Papa John's Pizza,977,2,2,1004298,0.9979570990806946,0.9979570990806946,0.9999980085631783,0.9979570990806946
,Papa Murphy's,976,357,0,1003946,0.7321830457614403,1.0,0.9996445295891778,0.8453876136855781
,Paper Source,1050,3,0,1004226,0.9971509971509972,1.0,0.9999970126335727,0.9985734664764622
,Pappadeaux Seafood Kitchen,980,0,0,1004299,1.0,1.0,1.0,1.0
,Pappasito's Cantina,1031,0,0,1004248,1.0,1.0,1.0,1.0
,Papyrus,941,3,0,1004335,0.996822033898305,1.0,0.9999970129577891,0.9984084880636606
,Paradise Bakery & Cafe,1014,5,1,1004259,0.9950932286555446,0.9990147783251232,0.9999950212294775,0.9970501474926253
,Paris Baguette,1001,1,0,1004277,0.999001996007984,1.0,0.9999990042597767,0.999500748876685
,Party City,1028,2,0,1004249,0.9980582524271845,1.0,0.999998008466011,0.9990281827016522
,Patel Brothers,990,0,0,1004289,1.0,1.0,1.0,1.0
,Pathmark,987,0,0,1004292,1.0,1.0,1.0,1.0
,Pavilions,961,1,0,1004317,0.998960498960499,1.0,0.999999004299435,0.999479979199168
,Payless ShoeSource,1034,1,0,1004244,0.9990338164251208,1.0,0.9999990042270561,0.999516674722088
,Paypal,4488,211,47,1000533,0.9550968291125771,0.9896361631753032,0.9997891568672908,0.9720597790773229
,Peapod,927,0,0,1004352,1.0,1.0,1.0,1.0
,Peet's Coffee & Tea,990,2,1,1004286,0.9979838709677419,0.9989909182643795,0.9999980085393831,0.9984871406959153
,Pei Wei,1023,2,0,1004254,0.9980487804878049,1.0,0.9999980084759265,0.9990234375
,Pep Boys,1010,0,0,1004269,1.0,1.0,1.0,1.0
,Performance Bicycle,1061,1,0,1004217,0.9990583804143126,1.0,0.9999990042002832,0.9995289684408855
,Pet Food Express,951,1,0,1004327,0.9989495798319328,1.0,0.9999990043093492,0.999474513925381
,Petco's,1009,2,0,1004268,0.9980217606330366,1.0,0.9999980085036893,0.999009900990099
,PetMeds,1021,1,0,1004257,0.9990215264187867,1.0,0.9999990042399463,0.9995105237395986
,Petsmart,991,0,2,1004286,1.0,0.9979859013091642,1.0,0.998991935483871
,Pick 'n Save,1064,0,0,1004215,1.0,1.0,1.0,1.0
,Pier 1 Imports,964,13,0,1004302,0.9866939611054247,1.0,0.9999870558539901,0.9933024214322513
,Piggly Wiggly,1011,1,0,1004267,0.9990118577075099,1.0,0.9999990042498615,0.9995056846267919
,Pinkberry,1014,0,2,1004263,1.0,0.9980314960629921,1.0,0.9990147783251232
,Piperlime,1027,0,0,1004252,1.0,1.0,1.0,1.0
,Pita Pit,1015,2,1,1004261,0.9980334316617503,0.9990157480314961,0.9999980084898079,0.9985243482538122
,Pizza Hut,1099,18,0,1004162,0.9838854073410922,1.0,0.9999820749268059,0.9918772563176894
,Planet Fitness,981,5,2,1004291,0.9949290060851927,0.9979654120040692,0.9999950213881167,0.9964448958862367
,Playstation Network,361,72,0,1004846,0.8337182448036952,1.0,0.9999283523630784,0.9093198992443324
,Pollo Tropical,972,2,1,1004304,0.997946611909651,0.998972250770812,0.9999980085750757,0.9984591679506933
,Popeyes Louisiana Kitchen,1005,16,5,1004253,0.9843290891283056,0.995049504950495,0.9999840680136497,0.9896602658788775
,Portillo's,1039,1,0,1004239,0.9990384615384615,1.0,0.9999990042220983,0.9995189995189995
,Potbelly,1022,1,1,1004255,0.9990224828934506,0.9990224828934506,0.9999990042379632,0.9990224828934506
,Pottery Barn,997,3,0,1004279,0.997,1.0,0.999997012791228,0.99849774661993
,Pret a Manger,978,0,0,1004301,1.0,1.0,1.0,1.0
,Price Chopper,971,0,0,1004308,1.0,1.0,1.0,1.0
,Priceline.com,1018,2,0,1004259,0.9980392156862745,1.0,0.9999980084858419,0.9990186457311089
,Proactiv,984,1,0,1004294,0.9989847715736041,1.0,0.9999990042766319,0.9994921279837481
,ProFlowers,982,0,0,1004297,1.0,1.0,1.0,1.0
,Progressive Insurance,122,0,0,1005157,1.0,1.0,1.0,1.0
,Publix Super Markets,1343,2,0,1003934,0.9985130111524163,1.0,0.9999980078411372,0.9992559523809523
,Qdoba Mexican Grill,1016,1,1,1004261,0.9990167158308751,0.9990167158308751,0.9999990042439124,0.9990167158308751
,QFC,967,3,0,1004309,0.9969072164948454,1.0,0.9999970128804595,0.9984512132163139
,Quest Diagnostics,1023,0,0,1004256,1.0,1.0,1.0,1.0
,Quick Chek,998,2,0,1004279,0.998,1.0,0.9999980085255024,0.998998998998999
,Quick Trip,1989,156,1,1003133,0.9272727272727272,0.9994974874371859,0.9998445114019988,0.9620314389359129
,Quiznos,1066,1,0,1004212,0.9990627928772259,1.0,0.9999990041953251,0.9995311767463666
,QVC,1048,0,0,1004231,1.0,1.0,1.0,1.0
,Qwest,985,1,0,1004293,0.9989858012170385,1.0,0.9999990042756404,0.9994926433282597
,RaceTrac,988,1,0,1004290,0.9989888776541962,1.0,0.999999004272666,0.9994941831057157
,Rack Room Shoes,1046,0,0,1004233,1.0,1.0,1.0,1.0
,Radioshack,1017,2,0,1004260,0.9980372914622179,1.0,0.9999980084878249,0.9990176817288801
,Radisson Hotels,982,7,0,1004290,0.9929221435793731,1.0,0.9999930299503036,0.9964485032978184
,Raising Cane's,991,0,0,1004288,1.0,1.0,1.0,1.0
,Rakuten.com,642,3,0,1004634,0.9953488372093023,1.0,0.9999970138467924,0.9976689976689977
,Raley's,959,1,0,1004319,0.9989583333333333,1.0,0.9999990043014179,0.9994788952579468
,Ralph Lauren,897,6,0,1004376,0.9933554817275747,1.0,0.9999940261772912,0.9966666666666666
,Ralphs,1044,11,0,1004224,0.9895734597156398,1.0,0.9999890463885445,0.9947594092424964
,Randall's,1057,5,0,1004217,0.995291902071563,1.0,0.9999950210212483,0.9976403964134025
,RCN,1003,0,0,1004276,1.0,1.0,1.0,1.0
,Red Lobster,958,0,1,1004320,1.0,0.9989572471324296,1.0,0.9994783515910277
,Red Mango,1003,3,0,1004273,0.9970178926441352,1.0,0.999997012773381,0.9985067197610752
,Red Robin,991,4,2,1004282,0.9959798994974874,0.9979859013091642,0.9999960170708344,0.9969818913480886
,Redbox,1092,0,0,1004187,1.0,1.0,1.0,1.0
,Redner's Markets,1067,2,1,1004209,0.9981290926099158,0.9990636704119851,0.9999980083866836,0.99859616284511
,Reebok,1058,2,1,1004218,0.9981132075471698,0.9990557129367328,0.9999980084045329,0.9985842378480414
,Regal Cinemas,1037,24,0,1004218,0.9773798303487277,1.0,0.9999761013779547,0.9885605338417541
,REI,1027,10,0,1004242,0.9903567984570878,1.0,0.9999900423399705,0.9951550387596899
,Reliant Energy,1015,0,0,1004264,1.0,1.0,1.0,1.0
,Rhapsody,955,2,0,1004322,0.9979101358411703,1.0,0.999998008610767,0.9989539748953974
,Rite Aid,1107,0,0,1004172,1.0,1.0,1.0,1.0
,Road Ranger,974,0,0,1004305,1.0,1.0,1.0,1.0
,Road Runner Sports,805,32,0,1004442,0.961768219832736,1.0,0.9999681425303194,0.9805115712545676
,Roche Bros,1025,0,0,1004254,1.0,1.0,1.0,1.0
,Ross Stores Inc.,968,2,0,1004309,0.9979381443298969,1.0,0.9999980085849901,0.9989680082559339
,Roti Mediterranean Grill,1040,1,0,1004238,0.9990393852065321,1.0,0.9999990042211068,0.9995194617972128
,Rotten Robbie,1057,0,0,1004222,1.0,1.0,1.0,1.0
,Round Table Pizza,975,0,0,1004304,1.0,1.0,1.0,1.0
,Royal Farms,1021,0,0,1004258,1.0,1.0,1.0,1.0
,Rubio's,1022,2,0,1004255,0.998046875,1.0,0.9999980084779095,0.9990224828934506
,Ruby Tuesday,987,0,0,1004292,1.0,1.0,1.0,1.0
,Rue La La,1015,1,0,1004263,0.9990157480314961,1.0,0.9999990042458955,0.999507631708518
,Safeway,1122,1,0,1004156,0.9991095280498664,1.0,0.9999990041397909,0.9995545657015591
,Safeway Fuel,1022,0,1,1004256,1.0,0.9990224828934506,1.0,0.9995110024449878
,Sainsbury's,992,44,4,1004239,0.9575289575289575,0.9959839357429718,0.9999561876483023,0.9763779527559054
,Saks Fifth Avenue,935,1,0,1004343,0.9989316239316239,1.0,0.9999990043252113,0.9994655264564404
,Sallie Mae,2225,3,0,1003051,0.998653500897666,1.0,0.9999970091341045,0.9993262968785088
,Sally Beauty Supply,953,0,0,1004326,1.0,1.0,1.0,1.0
,Sam's Club,1292,2,0,1003985,0.9984544049459042,1.0,0.999998007942334,0.9992266047950503
,Sarku Japan,1046,0,1,1004232,1.0,0.9990448901623686,1.0,0.9995222169135212
,Save Mart,951,3,1,1004324,0.9968553459119497,0.9989495798319328,0.9999970129250733,0.9979013641133263
,Save-A-Lot,980,6,1,1004292,0.9939148073022313,0.9989806320081549,0.9999940256776375,0.99644128113879
,Sbarro,983,2,0,1004294,0.9979695431472081,1.0,0.9999980085552467,0.9989837398373984
,Scentsy,947,1,0,1004331,0.9989451476793249,1.0,0.9999990043133147,0.9994722955145119
,Schlotzsky's,1012,0,1,1004266,1.0,0.9990128331688055,1.0,0.9995061728395062
,Schnucks,972,1,0,1004306,0.998972250770812,1.0,0.9999990042885293,0.9994858611825194
,Scholastic Corporation,990,12,0,1004277,0.9880239520958084,1.0,0.9999880512481965,0.9939759036144578
,ScoreSense,1036,1,0,1004242,0.9990356798457087,1.0,0.999999004225073,0.9995176073323685
,Seamless,1401,12,2,1003864,0.9915074309978769,0.9985744832501782,0.9999880463324156,0.9950284090909091
,Sears,989,45,3,1004242,0.9564796905222437,0.9969758064516129,0.9999551920915037,0.9763079960513326
,Seaworld,1035,5,4,1004235,0.9951923076923077,0.9961501443695862,0.9999950211104915,0.9956709956709957
,See's Candies,997,0,0,1004282,1.0,1.0,1.0,1.0
,Sephora,979,1,0,1004299,0.9989795918367347,1.0,0.9999990042815892,0.9994895354772844
,Shake Shack,1050,2,0,1004227,0.9980988593155894,1.0,0.9999980084223817,0.9990485252140818
,Shari's Berries,991,0,0,1004288,1.0,1.0,1.0,1.0
,Shaw's,974,6,0,1004299,0.9938775510204082,1.0,0.9999940257192785,0.9969293756397134
,Shaws Osco Pharmacy,1060,0,0,1004219,1.0,1.0,1.0,1.0
,Sheetz,1135,0,0,1004144,1.0,1.0,1.0,1.0
,Shell,1266,11,1,1004001,0.9913860610806577,0.9992107340173638,0.9999890439556499,0.9952830188679245
,Sheraton Hotels,1035,8,1,1004235,0.9923298178331735,0.999034749034749,0.9999920338005841,0.9956709956709956
,Sherwin-Williams,1011,1,0,1004267,0.9990118577075099,1.0,0.9999990042498615,0.9995056846267919
,Shipley Do-Nuts,1027,3,1,1004248,0.9970873786407767,0.9990272373540856,0.9999970126990165,0.9980563654033042
,ShoeBuy,961,0,0,1004318,1.0,1.0,1.0,1.0
,Shopbop.com,976,0,0,1004303,1.0,1.0,1.0,1.0
,Shopko,1092,9,0,1004178,0.9918256130790191,1.0,0.9999910375258791,0.9958960328317373
,Shoppers Food & Pharmacy,1048,7,0,1004224,0.9933649289099526,1.0,0.9999930294922185,0.9966714217784118
,Shoprite,1083,1,0,1004195,0.9990774907749077,1.0,0.9999990041784671,0.9995385325334565
,Shutterfly,1105,1,0,1004173,0.9990958408679927,1.0,0.9999990041566501,0.9995477159656264
,Sierra Trading Post,1021,2,0,1004256,0.9980449657869013,1.0,0.9999980084798926,0.9990215264187867
,Sirius XM,1130,0,0,1004149,1.0,1.0,1.0,1.0
,Six Flags,1015,2,2,1004260,0.9980334316617503,0.9980334316617503,0.9999980084878249,0.9980334316617503
,Skechers,999,0,0,1004280,1.0,1.0,1.0,1.0
,Skype,998,1,0,1004280,0.998998998998999,1.0,0.9999990042627511,0.99949924887331
,Smart & Final,1005,1,0,1004273,0.9990059642147118,1.0,0.9999990042558107,0.9995027349577325
,Smashburger,1035,8,0,1004236,0.9923298178331735,1.0,0.9999920338085166,0.9961501443695862
,Smith's Food and Drug,1048,0,0,1004231,1.0,1.0,1.0,1.0
,Smoothie King,815,2,0,1004462,0.9975520195838433,1.0,0.9999980088883226,0.9987745098039216
,Snack & Soda Vending,1011,3,0,1004265,0.9970414201183432,1.0,0.9999970127495847,0.9985185185185186
,Soap.com,1022,0,0,1004257,1.0,1.0,1.0,1.0
,Sonic Drive-In,1880,57,0,1003342,0.9705730511099638,1.0,0.9999431930866983,0.9850668063924548
,Souplantation,999,0,0,1004280,1.0,1.0,1.0,1.0
,Southwest Airlines,1053,17,0,1004209,0.9841121495327103,1.0,0.9999830715396734,0.9919924634950542
,Specialty's Cafe & Bakery,1020,5,0,1004254,0.9951219512195122,1.0,0.9999950212046892,0.9975550122249389
,Spirit Airlines,982,1,1,1004295,0.9989827060020345,0.9989827060020345,0.9999990042776233,0.9989827060020345
,Sport Chalet,1052,0,0,1004227,1.0,1.0,1.0,1.0
,Sport Clips,1048,2,0,1004229,0.9980952380952381,1.0,0.9999980084263481,0.9990467111534795
,Spotify,1043,0,0,1004236,1.0,1.0,1.0,1.0
,Sprint,999,7,1,1004272,0.9930417495029821,0.999,0.9999930298253772,0.9960119641076769
,Sprout's Farmers Market,977,2,0,1004300,0.9979570990806946,1.0,0.9999980085671442,0.9989775051124744
,Stamps.com,1056,11,0,1004212,0.9896907216494846,1.0,0.999989046257654,0.9948186528497409
,Staples,1054,9,1,1004215,0.9915333960489181,0.9990521327014218,0.9999910378560959,0.9952785646836638
,Star Market,986,13,0,1004280,0.986986986986987,1.0,0.9999870555704361,0.9934508816120906
,Starbucks,1351,22,2,1003904,0.9839766933721777,0.9985218033998522,0.9999780860342297,0.9911958914159943
,State Farm Insurance,1019,6,0,1004254,0.9941463414634146,1.0,0.9999940254515763,0.99706457925636
,Stater Bros.,996,0,0,1004283,1.0,1.0,1.0,1.0
,Steak 'n Shake,999,4,0,1004276,0.996011964107677,1.0,0.9999960170470387,0.9980019980019981
,Steam,1278,18,0,1003983,0.9861111111111112,1.0,0.9999820717310043,0.993006993006993
,Stein Mart,995,0,0,1004284,1.0,1.0,1.0,1.0
,Stew Leonard's,849,17,0,1004413,0.9803695150115473,1.0,0.9999830749778481,0.9900874635568514
,Stewart's Shops,937,8,1,1004333,0.9915343915343915,0.9989339019189766,0.9999920345778973,0.9952203929899096
,Stitch Fix,999,1,0,1004279,0.999,1.0,0.9999990042617597,0.9994997498749374
,Stop & Shop,1774,28,0,1003477,0.9844617092119867,1.0,0.9999720977972207,0.9921700223713646
,Stubhub,1046,0,0,1004233,1.0,1.0,1.0,1.0
,Subway,1252,9,9,1004009,0.992862807295797,0.992862807295797,0.9999910360172826,0.992862807295797
,Sunglass Hut,972,4,0,1004303,0.9959016393442623,1.0,0.9999960171541172,0.997946611909651
,Sunoco,1057,0,0,1004222,1.0,1.0,1.0,1.0
,SunPass,1034,1,1,1004243,0.9990338164251208,0.9990338164251208,0.9999990042260646,0.9990338164251208
,Sunset Foods,1017,0,0,1004262,1.0,1.0,1.0,1.0
,Super 8,1008,8,15,1004248,0.9921259842519685,0.9853372434017595,0.9999920339037058,0.988719960765081
,Supercuts,988,1,0,1004290,0.9989888776541962,1.0,0.999999004272666,0.9994941831057157
,Sur La Table,1010,0,0,1004269,1.0,1.0,1.0,1.0
,Sweet Tomatoes,982,0,0,1004297,1.0,1.0,1.0,1.0
,Sweetbay Supermarket,1011,1,0,1004267,0.9990118577075099,1.0,0.9999990042498615,0.9995056846267919
,T.J.Maxx,1195,0,0,1004084,1.0,1.0,1.0,1.0
,Taco Bell,1008,5,4,1004262,0.9950641658440277,0.9960474308300395,0.9999950212443504,0.9955555555555556
,Taco Bueno,1014,0,0,1004265,1.0,1.0,1.0,1.0
,Taco Cabana,982,0,0,1004297,1.0,1.0,1.0,1.0
,Talbots,980,1,0,1004298,0.9989806320081549,1.0,0.9999990042805977,0.9994900560938297
,Target,1534,3,0,1003742,0.9980481457384516,1.0,0.9999970111930819,0.9990231195050472
,TCBY,973,6,0,1004300,0.9938712972420838,1.0,0.9999940257252272,0.9969262295081968
,Teavana,977,0,0,1004302,1.0,1.0,1.0,1.0
,Tedeschi Food Shops,1023,0,0,1004256,1.0,1.0,1.0,1.0
,Tender Greens,1006,0,0,1004273,1.0,1.0,1.0,1.0
,Tesco,970,21,11,1004277,0.9788092835519677,0.9887869520897044,0.9999790898717313,0.9837728194726166
,Tesla,658,1,0,1004620,0.9984825493171472,1.0,0.9999990045997446,0.9992406985573272
,Tesoro,942,35,0,1004302,0.9641760491299898,1.0,0.9999651511395079,0.9817613340281397
,Texaco,1006,63,0,1004210,0.941066417212348,1.0,0.9999372680536069,0.9696385542168675
,Texas Roadhouse,1030,9,0,1004240,0.9913378248315688,1.0,0.9999910380792014,0.9956500724987917
,TGI Fridays,981,2,0,1004296,0.9979654120040692,1.0,0.9999980085592125,0.9989816700610997
,The Body Shop,990,8,0,1004281,0.9919839679358717,1.0,0.9999920341654643,0.9959758551307847
,The Capital Grille,1015,2,0,1004262,0.9980334316617503,1.0,0.999998008491791,0.9990157480314961
,The Cheesecake Factory,1190,1,0,1004088,0.9991603694374476,1.0,0.9999990040723482,0.9995800083998321
,The Children's Place,1046,3,0,1004230,0.9971401334604385,1.0,0.9999970126454717,0.9985680190930787
,The Coffee Bean,1002,5,0,1004272,0.9950347567030785,1.0,0.9999950212939259,0.997511199601792
,The Container Store,1084,3,1,1004191,0.9972401103955841,0.9990783410138249,0.9999970125294515,0.998158379373849
,The Counter,1021,3,1,1004254,0.9970703125,0.9990215264187867,0.9999970127168644,0.9980449657869013
,The Flame Broiler,985,2,0,1004292,0.9979736575481256,1.0,0.9999980085512808,0.9989858012170385
,The Food Emporium,1026,0,0,1004253,1.0,1.0,1.0,1.0
,The Fresh Market,992,6,0,1004281,0.9939879759519038,1.0,0.9999940256122005,0.9969849246231155
,The Habit Burger Grill,996,2,0,1004281,0.9979959919839679,1.0,0.9999980085294683,0.9989969909729188
,The Hertz Corporation,985,3,2,1004289,0.9969635627530364,0.9979736575481256,0.9999970128209724,0.9974683544303798
,The Honest Company,1008,1,0,1004270,0.9990089197224975,1.0,0.9999990042528362,0.9995042141794744
,The LEGO Store,1023,2,0,1004254,0.9980487804878049,1.0,0.9999980084759265,0.9990234375
,The Limited,971,2,0,1004306,0.9979445015416238,1.0,0.9999980085790415,0.9989711934156379
,The Melting Pot,1013,3,0,1004263,0.9970472440944882,1.0,0.9999970127436356,0.9985214391325776
,The New York Times,1022,0,0,1004257,1.0,1.0,1.0,1.0
,The North Face,1057,0,0,1004222,1.0,1.0,1.0,1.0
,The Pampered Chef,946,1,0,1004332,0.9989440337909187,1.0,0.9999990043143061,0.999471737982039
,The Paradies Shops,991,1,0,1004287,0.998991935483871,1.0,0.9999990042696916,0.9994957135653051
,The Sports Authority,1054,2,0,1004223,0.9981060606060606,1.0,0.999998008414449,0.9990521327014218
,The UPS Store,978,6,0,1004295,0.9939024390243902,1.0,0.9999940256954837,0.9969418960244648
,The Vitamin Shoppe,1076,10,0,1004193,0.990791896869245,1.0,0.9999900418540872,0.9953746530989825
,The Wall Street Journal,1040,0,0,1004239,1.0,1.0,1.0,1.0
,Things Remembered,1025,1,0,1004253,0.9990253411306043,1.0,0.9999990042359801,0.999512432959532
,ThinkGeek,1012,0,0,1004267,1.0,1.0,1.0,1.0
,Thirty-One Gifts,1022,1,0,1004256,0.9990224828934506,1.0,0.9999990042389548,0.9995110024449878
,Thorntons,978,6,0,1004295,0.9939024390243902,1.0,0.9999940256954837,0.9969418960244648
,Ticketfly,1045,2,0,1004232,0.9980897803247374,1.0,0.9999980084322977,0.9990439770554493
,Ticketmaster,1013,0,0,1004266,1.0,1.0,1.0,1.0
,Tiffany & Co.,742,13,1,1004523,0.9827814569536424,0.9986541049798116,0.999987058701729,0.9906542056074767
,TigerDirect,995,6,0,1004278,0.994005994005994,1.0,0.9999940255943538,0.9969939879759518
,Tijuana Flats,1009,0,0,1004270,1.0,1.0,1.0,1.0
,Tilted Kilt,997,0,0,1004282,1.0,1.0,1.0,1.0
,Tim Hortons,1010,1,1,1004267,0.9990108803165183,0.9990108803165183,0.9999990042498615,0.9990108803165183
,Time Warner Cable,1026,3,0,1004250,0.9970845481049563,1.0,0.9999970127049658,0.9985401459854015
,TiVo,1049,4,0,1004226,0.9962013295346629,1.0,0.9999960168487299,0.9980970504281638
,T-Mobile,1083,2,2,1004192,0.9981566820276497,0.9981566820276497,0.9999980083529677,0.9981566820276497
,Toasties,996,3,0,1004280,0.996996996996997,1.0,0.9999970127942024,0.9984962406015038
,TOGO'S,1000,23,0,1004256,0.9775171065493646,1.0,0.999977097997668,0.9886307464162135
,Tom Thumb,1016,4,0,1004259,0.996078431372549,1.0,0.9999960169796159,0.9980353634577603
,Tommy Bahama,994,3,0,1004282,0.9969909729187563,1.0,0.9999970128001513,0.9984932194876946
,Tommy Hilfiger,1008,0,0,1004271,1.0,1.0,1.0,1.0
,Topgolf,991,2,0,1004286,0.9979859013091642,1.0,0.9999980085393831,0.998991935483871
,Tops Markets,1028,0,0,1004251,1.0,1.0,1.0,1.0
,Tory Burch,986,0,0,1004293,1.0,1.0,1.0,1.0
,Total Wine & More,806,1,0,1004472,0.9987608426270136,1.0,0.9999990044530813,0.9993800371977681
,Toyota,1026,5,0,1004248,0.9951503394762367,1.0,0.999995021174943,0.997569275644142
,Toys 'R' Us,2056,3,0,1003220,0.9985429820301117,1.0,0.9999970096379369,0.9992709599027947
,TracFone Wireless,916,0,0,1004363,1.0,1.0,1.0,1.0
,Tractor Supply Company,1084,2,0,1004193,0.998158379373849,1.0,0.999998008354951,0.999078341013825
,Trader Joe's,1050,1,0,1004228,0.9990485252140818,1.0,0.9999990042111909,0.9995240361732509
,Transunion,1026,0,0,1004253,1.0,1.0,1.0,1.0
,Travelocity,985,1,0,1004293,0.9989858012170385,1.0,0.9999990042756404,0.9994926433282597
,Tropical Smoothie Cafe,1019,0,1,1004259,1.0,0.9990196078431373,1.0,0.9995095635115253
,TruGreen,1011,0,0,1004268,1.0,1.0,1.0,1.0
,Tuesday Morning,1014,0,0,1004265,1.0,1.0,1.0,1.0
,Turkey Hill Dairy,1030,1,0,1004248,0.9990300678952473,1.0,0.9999990042310224,0.9995147986414362
,Uber,1155,21,1,1004102,0.9821428571428571,0.9991349480968859,0.9999790862274841,0.9905660377358491
,U-Haul,1124,8,0,1004147,0.9929328621908127,1.0,0.9999920331024593,0.9964539007092198
,Ulta,1070,4,1,1004204,0.9962756052141527,0.9990662931839402,0.9999960167614678,0.9976689976689976
,Uncle Julio's,952,0,0,1004327,1.0,1.0,1.0,1.0
,Under Armour,1038,0,1,1004240,1.0,0.9990375360923965,1.0,0.9995185363505055
,Union 76,1020,1,0,1004258,0.9990205680705191,1.0,0.9999990042409378,0.9995100440960314
,Union Market,972,0,0,1004307,1.0,1.0,1.0,1.0
,Uniqlo,993,2,0,1004284,0.9979899497487437,1.0,0.9999980085354172,0.9989939637826961
,United Airlines,1066,7,0,1004206,0.9934762348555451,1.0,0.9999930293672756,0.9967274427302478
,University of North Carolina,709,43,0,1004527,0.9428191489361702,1.0,0.9999571956160347,0.9705681040383299
,Urban Outfitters,1046,2,0,1004231,0.9980916030534351,1.0,0.9999980084303145,0.9990448901623686
,US Airways,1007,0,1,1004271,1.0,0.9990079365079365,1.0,0.9995037220843672
,USAA,21909,1,1,983368,0.9999543587403013,0.9999543587403013,0.999998983087732,0.9999543587403013
,USPS,1104,46,13,1004116,0.96,0.9883616830796778,0.9999541906584795,0.9739744155271284
,Valero,1087,5,0,1004187,0.9954212454212454,1.0,0.9999950208725025,0.9977053694355209
,Van Heusen,1050,0,0,1004229,1.0,1.0,1.0,1.0
,Vans,995,93,2,1004189,0.9145220588235294,0.9979939819458375,0.9999073965280668,0.9544364508393285
,Verizon Wireless,1208,10,0,1004061,0.9917898193760263,1.0,0.9999900405449416,0.9958779884583676
,Veterans Canteen Service,1016,3,0,1004260,0.9970559371933267,1.0,0.999997012734712,0.9985257985257985
,Victoria's Secret,942,2,1,1004334,0.9978813559322034,0.9989395546129375,0.9999980086345606,0.9984101748807631
,Village Inn,927,17,0,1004335,0.9819915254237288,1.0,0.9999830736634168,0.9909139497594869
,Virgin Mobile,983,0,2,1004294,1.0,0.9979695431472081,1.0,0.9989837398373984
,Virginia Department of Alcoholic Beverage Control,1028,1,0,1004250,0.9990281827016521,1.0,0.9999990042330055,0.9995138551288284
,Vistaprint,998,0,0,1004281,1.0,1.0,1.0,1.0
,Vitacost,1045,1,0,1004233,0.9990439770554493,1.0,0.9999990042161488,0.9995217599234816
,Vonage,1302,0,2,1003975,1.0,0.9984662576687117,1.0,0.9992325402916347
,Vons,950,0,0,1004329,1.0,1.0,1.0,1.0
,Vudu,1037,0,0,1004242,1.0,1.0,1.0,1.0
,Waffle House,920,0,1,1004358,1.0,0.998914223669924,1.0,0.9994568169473113
,Waitrose,1010,0,13,1004256,1.0,0.9872922776148583,1.0,0.9936055090998525
,Waldbaum's,1008,0,0,1004271,1.0,1.0,1.0,1.0
,Walgreens,1260,1,0,1004018,0.9992069785884219,1.0,0.9999990040029123,0.9996033320111067
,Walmart,2000,54,1,1003224,0.9737098344693281,0.9995002498750625,0.9999461764336505,0.9864364981504317
,Washington Metropolitan Area Transit Authority,1333,6,0,1003940,0.9955190440627334,1.0,0.9999940235829418,0.9977544910179641
,Wawa Inc.,1233,4,0,1004042,0.9967663702506063,1.0,0.9999960161187834,0.9983805668016195
,Wegmans,999,3,0,1004277,0.9970059880239521,1.0,0.999997012785279,0.9985007496251874
,Weigel's,1026,0,0,1004253,1.0,1.0,1.0,1.0
,Weight Watchers,1037,1,0,1004241,0.9990366088631984,1.0,0.9999990042240815,0.9995180722891567
,Weis Markets,1042,0,0,1004237,1.0,1.0,1.0,1.0
,Wendy's,1069,8,0,1004202,0.9925719591457753,1.0,0.9999920335388016,0.9962721342031687
,Western Beef,1086,0,0,1004193,1.0,1.0,1.0,1.0
,Westin Hotels & Resorts,992,2,0,1004285,0.9979879275653923,1.0,0.9999980085374002,0.9989929506545822
,Wet Seal,1041,0,0,1004238,1.0,1.0,1.0,1.0
,Whataburger,1012,0,0,1004267,1.0,1.0,1.0,1.0
,Which Wich,1011,2,0,1004266,0.998025666337611,1.0,0.9999980084997232,0.9990118577075099
,White Castle,998,4,0,1004277,0.9960079840319361,1.0,0.9999960170510046,0.9980000000000001
,White House Black Market,985,2,0,1004292,0.9979736575481256,1.0,0.9999980085512808,0.9989858012170385
,Whole Foods,1182,2,0,1004095,0.9983108108108109,1.0,0.9999980081605662,0.9991546914623838
,Wichcraft,988,3,0,1004288,0.9969727547931383,1.0,0.999997012817998,0.9984840828701365
,Wienerschnitzel,1009,2,0,1004268,0.9980217606330366,1.0,0.9999980085036893,0.999009900990099
,Williams-Sonoma,1050,1,1,1004227,0.9990485252140818,0.9990485252140818,0.9999990042101993,0.9990485252140818
,WinCo Foods,201,0,0,1005078,1.0,1.0,1.0,1.0
,Wingstop,1031,1,1,1004246,0.999031007751938,0.999031007751938,0.9999990042290393,0.999031007751938
,Winn-Dixie,1033,17,0,1004229,0.9838095238095238,1.0,0.999983071876811,0.9918386941910706
,Wolfgang Puck,961,2,0,1004316,0.9979231568016614,1.0,0.9999980085988701,0.9989604989604989
,World Vision,1007,0,0,1004272,1.0,1.0,1.0,1.0
,Xbox,1049,0,1,1004229,1.0,0.9990476190476191,1.0,0.9995235826584088
,XSport Fitness,987,1,0,1004291,0.9989878542510121,1.0,0.9999990042736575,0.9994936708860759
,Yankee Candle,996,0,0,1004283,1.0,1.0,1.0,1.0
,Yard House,985,0,0,1004294,1.0,1.0,1.0,1.0
,Yellow Cab Company,922,35,0,1004322,0.9634273772204807,1.0,0.9999651518334616,0.981373070782331
,YMCA,1060,5,0,1004214,0.9953051643192489,1.0,0.9999950210063742,0.9976470588235293
,Yogurt Land,986,1,0,1004292,0.9989868287740629,1.0,0.9999990042746489,0.9994931576279777
,Zappos,1052,0,0,1004227,1.0,1.0,1.0,1.0
,Zara,985,13,0,1004281,0.9869739478957916,1.0,0.9999870555833252,0.9934442763489663
,Zaxby's,1005,8,0,1004266,0.9921026653504442,1.0,0.9999920340464853,0.9960356788899901
,Zazzle,1003,0,0,1004276,1.0,1.0,1.0,1.0
,Zipcar,962,0,0,1004317,1.0,1.0,1.0,1.0
,Zoes Kitchen,1029,34,0,1004216,0.9680150517403575,1.0,0.9999661438884739,0.9837476099426385
,Zulily,1031,3,0,1004245,0.9970986460348162,1.0,0.9999970126900924,0.998547215496368
,Zumiez,1035,0,0,1004244,1.0,1.0,1.0,1.0
,Wells Fargo,894,7,11,1004367,0.9922308546059934,0.9878453038674033,0.9999930304846602,0.9900332225913623
